datetime,temp,humidity,precip,preciptype,sealevelpressure
20161104,55.8,61,0.02,rain,1024.5
20161105,45.6,64.5,0,,
20161106,45.8,61.2,0,,1027.7
20161107,45.7,63.6,0,,
20161108,47,62.1,0,,
20161109,46.4,65.5,0,,
20161110,45.3,52.1,0,,
20161111,47.9,49.5,0,,1016.3
20161112,38.2,72.4,0,,
20161113,38.7,61.4,0,,
20161114,44.4,55.7,0,,
20161115,43.4,63.6,0,,
20161116,48.8,61.3,0,,1012.4
20161117,51.6,53.7,0,,1019.3
20161118,50.9,58.5,0,,
20161119,38.5,71.9,0,,1014.4
20161120,32.1,50.4,0,,1021.6
20161121,32.4,42.2,0,,
20161122,37.4,37.7,0,,1024.2
20161123,41.4,46.9,0,,
20161124,50.7,79.8,0.02,rain,
20161125,47.2,80.7,0,,
20161126,37.7,70.1,0,,1026
20161127,37.2,54.6,0,,
20161128,43,60.9,0.01,rain,1010.1
20161129,54.9,86.7,1.48,rain,
20161130,56.9,91.8,1.09,rain,1002.1
20161201,40.9,67.2,0.01,rain,1014.8
20161202,37.3,62.9,0,,1019.7
20161203,35.7,68.9,0,,1025.4
20161204,37.7,92.7,0.49,"rain,snow",
20161205,45.9,89.2,0.12,rain,1014.5
20161206,41.8,96.5,0.57,rain,1008.3
20161207,43.6,72.6,0,,1016.7
20161208,34.8,56.9,0,,1022
20161209,23,62.9,0,,1030.8
20161210,23.6,58.1,0,,1033
20161211,33.6,56.9,0,,1024.7
20161212,45.8,85.8,0.27,rain,1016.1
20161213,39.9,90.5,0.04,rain,1017
20161214,36.6,81.3,0,,1018.9
20161215,23.9,48.9,0,,1024.4
20161216,21.3,46,0,,1024.4
20161217,47.5,77.4,0.01,rain,1013.9
20161218,46.7,92.9,0.13,rain,1018.6
20161219,33.1,86.7,0,,1034.3
20161220,33.5,72.7,0,,1030.3
20161221,40.4,34.5,0,,1025
20161222,43.3,48,0,,1022.8
20161223,40,48.5,0,,1026.8
20161224,49.6,87.1,0.21,rain,1023.5
20161225,51,98.7,0.08,rain,1027.3
20161226,49.9,92.7,0.01,rain,1027.3
20161227,50.3,92,0.26,rain,1020.4
20161228,40.9,62.1,0,,1022.2
20161229,41.4,60.9,0.19,rain,1013.7
20161230,29.5,60,0.01,"rain,snow",
20161231,32,56.1,0,,1016.6
20170101,43.3,84.6,0,,1018.6
20170102,46.8,95.7,0.29,rain,1018.2
20170103,49.9,93.2,0.2,rain,1007
20170104,40.5,69.1,0.03,rain,1008
20170105,30.3,53.7,0,,
20170106,26.3,84.4,0.03,snow,1019.6
20170107,16,76.2,0.11,snow,1027.2
20170108,10,66.9,0,,1038.3
20170109,19.5,58.2,0,,1035.7
20170110,32.8,54.7,0,,1025.5
20170111,45.3,89.2,0.05,rain,1022.4
20170112,54.7,75.2,0,,1022.8
20170113,56.8,87.1,0,,1029.2
20170114,53.2,91.7,0.05,rain,1028.1
20170115,54.4,93.6,0.06,rain,1024.3
20170116,51.2,89.7,0,,1023.3
20170117,54.4,84.3,0.01,rain,1017.8
20170118,50.7,71.1,0.07,rain,1017.6
20170119,48.7,53.7,0,,1015.6
20170120,50.6,84.2,0.15,rain,1008.5
20170121,46.6,95,0.01,rain,1007.4
20170122,51.1,90.4,0.42,rain,997
20170123,46,93.3,0.82,rain,991.8
20170124,39.9,91.3,0.05,rain,1008
20170125,48.4,49,0,,1009.1
20170126,42.5,67,0.03,rain,1008.5
20170127,29.6,67.9,0,,1014.7
20170128,32.5,53.5,0,,1012.4
20170129,33.3,69.3,0,,1009.3
20170130,27.9,62.1,0,,1015.4
20170131,43.4,45.2,0,,1013.6
20170201,44.8,58.3,0,,1016.2
20170202,43.4,58.1,0,,1021.4
20170203,33.4,47.8,0,,1024.4
20170204,26.8,35,0,,1028.2
20170205,36.9,61.4,0,,1020.5
20170206,45.4,63.3,0,,1020.1
20170207,51.5,73.6,0,,1010.1
20170208,51.8,81.4,0.15,rain,1005.9
20170209,31.8,70.9,0.22,rain,1017.6
20170210,31.7,44.8,0,,1025.4
20170211,52.2,62.7,0,,1018.8
20170212,59.3,67.2,0.08,rain,1014
20170213,38.8,39.5,0,,1021.8
20170214,38.7,51.6,0,,1014.4
20170215,36.6,71.6,0.27,"rain,snow",1006.3
20170216,32.5,49.2,0,,1013.1
20170217,44.9,41.2,0,,1014.4
20170218,48.9,45.7,0,,1013.6
20170219,47.2,81.4,0,,1017.7
20170220,50,60.8,0,,1021.3
20170221,48.8,67,0,,1017.8
20170222,49.3,92.6,0.22,rain,1013
20170223,51.9,85.3,0,,1011
20170224,54.8,74.2,0,,1008.2
20170225,49.5,59,0.06,rain,1007.2
20170226,32.6,47.2,0,,1021.7
20170227,40.7,49.6,0,,1024.5
20170228,48.1,77.1,0.08,rain,1021.2
20170301,56.7,80.3,0.51,rain,1011.2
20170302,38.3,47.3,0,,1020.8
20170303,33,47.6,0,,1030.2
20170304,34.9,42.8,0,,1034.1
20170305,38.9,54.3,0,,1030.7
20170306,45.2,70.4,0,,1026.7
20170307,52.4,78.5,0.05,rain,1020.1
20170308,47.9,48,0.02,rain,1024
20170309,48.9,38.6,0,,1021.7
20170310,41.6,60.9,0.22,rain,1017.3
20170311,32.3,37.1,0,,1024.9
20170312,34.4,40.9,0,,1025.2
20170313,34.3,66.5,0.02,"rain,snow",1018.3
20170314,29.7,81,0.07,"rain,snow",1012.2
20170315,19.5,53.3,0,,1022.5
20170316,26,45.8,0,,1026.7
20170317,35.3,55.5,0.07,rain,1025.4
20170318,48.9,71.5,0.3,rain,1018.1
20170319,36.6,63.5,0,,1024
20170320,45.2,52.9,0,,1021.5
20170321,58.1,64.9,0.02,rain,1014.7
20170322,46.6,43,0,,1021.7
20170323,40.5,44.1,0,,1027.9
20170324,51.4,52.1,0,,1027.3
20170325,57.3,62.2,0,,
20170326,55.6,82.7,0.18,rain,
20170327,58.9,81.5,0.41,rain,
20170328,55.3,82.8,0.19,rain,
20170329,57.2,70.8,0,,1016
20170330,55.1,83.9,0.12,rain,1011.4
20170331,53.5,82.3,1.54,rain,1006.1
20170401,48.9,74,0,,1016.5
20170402,52.2,66.9,0,,1018.5
20170403,53.6,86.7,0.82,rain,1008.6
20170404,60.4,63.5,0.02,rain,1006.5
20170405,56.3,74.1,0.02,rain,1007.5
20170406,46.4,81.4,0.32,rain,1002.6
20170407,41.9,53.1,0,,1011.7
20170408,44.4,45.8,0,,1018.3
20170409,51.1,45.3,0,,1019.6
20170410,59.2,43.8,0,,1021
20170411,61.7,56.6,0,,1021.7
20170412,62.2,59.2,0,,1023.3
20170413,59,53.6,0,,1023.6
20170414,61.4,60.8,0,,1022.7
20170415,62.3,63.1,0.03,rain,1023
20170416,64.1,59.8,0,,1020.2
20170417,60.6,74.2,0.05,rain,1018.1
20170418,58.5,78.9,0.06,rain,1021.5
20170419,59.1,85.5,0.1,rain,1022.6
20170420,62.9,78.4,0.03,rain,1019.3
20170421,63.3,86.6,0.35,rain,1013.9
20170422,62.1,85.3,0.61,rain,1010.8
20170423,49.9,95.8,1.44,rain,1010.9
20170424,52.1,89.4,0.46,rain,1008.6
20170425,56.8,87.9,0.15,rain,1006.3
20170426,64.1,72.1,0,,1006.9
20170427,64,76.8,0.11,rain,1006.9
20170428,66.5,74.7,0.01,rain,1013.9
20170429,72.1,72.2,0.01,rain,1017
20170430,72.2,64.4,0,,1015.5
20170501,69.1,69.2,0.75,rain,1007
20170502,60.6,45.5,0,,1011.8
20170503,58.9,54.4,0,,1016.2
20170504,61.5,66.3,0.66,rain,1008.3
20170505,54.5,85.2,0.73,rain,997.3
20170506,44.9,83.5,0.03,rain,1004.5
20170507,50.2,60.2,0,,1012.5
20170508,53.5,48.3,0,,1016.4
20170509,60.8,77.4,0.31,rain,1014.2
20170510,68.8,63,0,,1014.4
20170511,69.2,66.5,0.09,rain,1011.2
20170512,60.1,95.1,1.04,rain,1008
20170513,58.6,75.9,0.03,rain,1009
20170514,59.8,66,0,,1013.7
20170515,65.5,63.7,0,,1014.8
20170516,67.9,67.8,0,,1016.2
20170517,71.4,64.4,0,,1016
20170518,70.6,68.8,0.09,rain,1016.6
20170519,69.4,82.1,0.06,rain,1017
20170520,71.5,69,0,,1017.4
20170521,64.1,92.1,0.51,rain,1018.3
20170522,65.4,83,0.03,rain,1015.9
20170523,61,94.8,0.66,rain,1007.2
20170524,60.2,93.8,0.83,rain,999
20170525,54.8,85.6,0.09,rain,1002.3
20170526,62.1,69.3,0,,1013.1
20170527,67.4,73.6,0.25,rain,1013.3
20170528,65.2,79.2,0.19,rain,1011
20170529,66.7,75.2,0.01,rain,1013.8
20170530,66.3,73.6,0.02,rain,1017.2
20170531,66.1,67.2,0.02,rain,1017.5
20170601,65.8,67.8,0,,1017.6
20170602,66.7,65.5,0,,1017.4
20170603,66.6,58.7,0,,1017.2
20170604,66.5,76.6,0.31,rain,1013.8
20170605,66.4,91.3,0.35,rain,1008.3
20170606,67,71.4,0,,1008.9
20170607,60.3,69.9,0,,1011.1
20170608,59.7,80,0.07,rain,1011.6
20170609,62.4,72.7,0,,1013.6
20170610,66.5,68.9,0,,1017.6
20170611,69.8,68.4,0,,1020.5
20170612,70.9,75.2,0,,1019.6
20170613,72,79.6,0.02,rain,1017.6
20170614,71,78.4,0.15,rain,1016.1
20170615,71.5,79.7,0,,1013.5
20170616,69.9,83.9,0,,1011
20170617,70.6,84.6,0.04,rain,1010
20170618,73,78.5,0.05,rain,1010.6
20170619,70.4,80.8,0.03,rain,1012.6
20170620,68.5,75,0,,1017
20170621,69.4,74.9,0,,1017.1
20170622,68.2,91.1,0.11,rain,1017.5
20170623,76.1,76.1,0.06,rain,1010.8
20170624,71.7,79.7,0.12,rain,1013.2
20170625,67.6,67.9,0,,1019.1
20170626,64.6,65.4,0,,1019.4
20170627,64.5,67.3,0,,1018
20170628,66.2,64.2,0,,1020
20170629,72,66.7,0.01,rain,1018.6
20170630,74.3,79.3,0.02,rain,1015.5
20170701,75.8,82.9,0.02,rain,1015.4
20170702,73.5,81.8,0,,1018.9
20170703,74.9,77.3,0.1,rain,1017.3
20170704,73,85.7,0.1,rain,1016.9
20170705,74.1,84.6,0.03,rain,1018.3
20170706,72.3,79.5,0.01,rain,1017.7
20170707,73.2,76,0.21,rain,1014.6
20170708,72.3,77.5,0.02,rain,1013.6
20170709,70.2,69.6,0,,1017.3
20170710,70.2,62,0,,1018
20170711,71.9,63.4,0,,1018.1
20170712,72.8,74.5,0,,
20170713,72.6,81.7,0.02,rain,
20170714,74.3,74.2,0,,
20170715,72.9,74.2,0.01,rain,
20170716,70.6,64.6,0,,1016.2
20170717,69.2,76.1,0.14,rain,
20170718,69.6,79.2,0.48,rain,1017.6
20170719,72.7,70.5,0.22,rain,
20170720,73.6,69.9,0,,
20170721,75,72.3,0.04,rain,
20170722,76.5,73.1,0,,1011.7
20170723,75.7,73,0.04,rain,
20170724,72.6,74.1,0.87,rain,
20170725,73.8,67.8,0,,
20170726,69.6,82.6,0,,1019.4
20170727,69.7,89.6,0.49,rain,
20170728,69.7,91,0.25,rain,1011.9
20170729,68.7,72,0.03,rain,1011.1
20170730,65.8,64.4,0,,
20170731,64.9,74,0,,1018.4
20170801,65.8,79.3,0.02,rain,
20170802,67.9,77.5,0,,
20170803,68.2,75,0,,1019.5
20170804,67.3,80.6,0.49,rain,
20170805,66.2,68.3,0,,
20170806,64.8,74.3,0,,
20170807,68.5,91.6,0.62,rain,1014.4
20170808,66.5,83.6,0.32,rain,
20170809,65.3,79.4,0,,1019
20170810,65.1,87.7,0.03,rain,
20170811,68.6,87.3,0.08,rain,1015.5
20170812,70.3,85.5,0.35,rain,1013.9
20170813,69.8,87.5,0.01,rain,
20170814,70.1,91.4,0.2,rain,
20170815,71.3,87.4,0.34,rain,
20170816,71.9,83.7,0.02,rain,
20170817,71.7,87.5,0.54,rain,
20170818,72.2,82.6,0.06,rain,
20170819,70.6,75.2,0,,
20170820,69.9,79.7,0,,
20170821,71.3,79.2,0,,
20170822,72.5,77.7,0,,
20170823,71.3,72.5,0,,1010.7
20170824,65.7,71.2,0,,
20170825,62.7,78.2,0,,1019.1
20170826,64.6,84,0,,1019.7
20170827,66.5,77.8,0,,1018.1
20170828,61.9,76.7,0,,1017.5
20170829,64.6,83,0.04,rain,1015
20170830,68.1,77.4,0,,1015.8
20170831,66.8,91.7,0.29,rain,1016
20170901,66,90.7,0.55,rain,1010.5
20170902,57.8,95.2,0.05,rain,1014.3
20170903,62.4,73.2,0,,1018.6
20170904,64.2,75.8,0,,1017
20170905,64.5,84.3,0.32,rain,1012.4
20170906,57.7,84,0.33,rain,1012.8
20170907,53.8,74.5,0,,1018.4
20170908,55.7,74.2,0,,1022.4
20170909,55.4,78.6,0,,1023.8
20170910,54.6,76.4,0,,1024.7
20170911,53.5,83.6,0.35,rain,1018.4
20170912,59.7,91.1,1.67,rain,1007.6
20170913,60.6,79,0,,1010.1
20170914,61.1,85.4,0.02,rain,1013.8
20170915,64.1,80.5,0,,1017.8
20170916,63,79.5,0,,1019.5
20170917,65.2,81.3,0,,
20170918,63.3,76.9,0,,
20170919,64.7,80.6,0,,1016.2
20170920,66.1,77,0,,
20170921,65.3,81.3,0,,1016.8
20170922,65.6,84.2,0.66,rain,1017.1
20170923,66.9,79.1,0,,
20170924,64.5,78.2,0,,
20170925,64.4,78.2,0,,
20170926,66.6,76.1,0,,1014.5
20170927,68.6,71.7,0,,
20170928,68.4,68.9,0,,
20170929,61.5,72.6,0.02,rain,
20170930,54.2,66.9,0,,
20171001,50,69.5,0,,
20171002,51.6,76.1,0,,
20171003,54.8,77.3,0,,1032.6
20171004,56,73.5,0,,
20171005,58.3,71.5,0,,1020.6
20171006,59.1,74.6,0,,
20171007,63.7,84.6,0,,
20171008,67.3,96.5,2.63,rain,
20171009,70.2,88.6,1.33,rain,1014
20171010,69.8,92.8,0.06,rain,1017.8
20171011,69.6,82.9,0.05,rain,
20171012,65.6,86.5,0,,
20171013,61,92,0.04,rain,
20171014,62.7,84.3,0,,
20171015,64,81.1,0,,
20171016,52.1,74,0.13,rain,
20171017,44.9,73.9,0,,
20171018,46.8,77,0,,1025.5
20171019,50.5,63.3,0,,
20171020,53.8,62.9,0,,
20171021,53.8,71.3,0,,1023.9
20171022,56,74.6,0,,
20171023,58.7,93,4.06,rain,
20171024,50.5,64.3,0.04,rain,
20171025,40.3,72.4,0,,
20171026,43,62.7,0,,1011.7
20171027,49.1,68.7,0,,1015.8
20171028,50.8,85.5,1.19,rain,
20171029,36.1,88.8,0.46,rain,1007.4
20171030,37.7,63.8,0.02,rain,1014.3
20171031,47.3,64.5,0,,1019.7
20171101,48.7,77.4,0,,1019.9
20171102,58.4,70.4,0,,1020.5
20171103,56.4,88.2,0,,1020.6
20171104,57.1,96.2,0.64,rain,1018.4
20171105,57.8,90,0,,1016.9
20171106,57.7,92.9,0.03,rain,1016.3
20171107,57.6,96.3,0.37,rain,1014.6
20171108,46.2,96.9,0,,1018
20171109,45.9,91.5,0.05,rain,1019
20171110,39.7,68.3,0,,1025.2
20171111,33.1,67.2,0,,1027.8
20171112,40.8,79.1,0.01,rain,1026.6
20171113,44.5,78.2,0,,1026.7
20171114,37.1,87.6,0,,1024.6
20171115,40.7,79.7,0,,1020
20171116,46.8,67.8,0,,1018.3
20171117,43.4,53.6,0,,1020.1
20171118,50.9,65.2,0.1,rain,1007.1
20171119,37.3,76.9,0.15,rain,1013.7
20171120,35.4,60.4,0,,1022.7
20171121,43.7,73.2,0,,1018.3
20171122,42,66.2,0,,1018.8
20171123,35.1,73.2,0,,1018.5
20171124,39.9,74.9,0,,1015.1
20171125,44.9,67.3,0,,1013.7
20171126,40.4,51.7,0,,1020.8
20171127,40.3,50.7,0,,1023.2
20171128,39.3,60,0,,1024.5
20171129,43.4,58.4,0,,1025.4
20171130,44,80,0.03,rain,1020.8
20171201,50.8,80.9,0.01,rain,1020.4
20171202,46.2,77.4,0,,1020.3
20171203,44.6,77.5,0,,1022.4
20171204,40.5,78.4,0,,1022.8
20171205,49,83.9,0.29,rain,1017.9
20171206,35.6,61.5,0,,1020.9
20171207,35,56.5,0,,1019.8
20171208,30.9,88.9,0.2,"rain,snow",1016.6
20171209,29,83.9,0.08,"rain,snow",1012
20171210,27.5,61.1,0,,1020.6
20171211,35.1,63,0,,1018.3
20171212,31.7,65.6,0,,
20171213,25.9,42.3,0,,1014.5
20171214,36,60,0,,
20171215,26.8,82.1,0,,1022.3
20171216,32.9,57.9,0,,1023.6
20171217,37.8,56,0,,1021.4
20171218,46.3,83.9,0,,1020.1
20171219,50.4,65,0,,
20171220,47.8,96.4,0.27,rain,
20171221,43.4,84.8,0,,
20171222,45.8,86.9,0.03,rain,1019.2
20171223,51,91,0.35,rain,
20171224,40,89.4,0,,
20171225,22.7,61,0,,
20171226,27.3,49.8,0,,
20171227,26.9,63.8,0,,
20171228,19.6,66.9,0,,1032.7
20171229,27.6,55.7,0,,
20171230,29.9,66.6,0,,
20171231,18.7,75.4,0,,1028.4
20180101,10.6,64.7,0,,1033.7
20180102,13.3,53.3,0,,1034.5
20180103,18.8,51.3,0,,1021.8
20180104,14.6,57.1,0,,1017.2
20180105,11,55.3,0,,1025.6
20180106,10.2,48.9,0,,1032.5
20180107,15.8,50.2,0,,1031.5
20180108,30.1,72.3,0.03,rain,1023.5
20180109,43.1,92,0,,1024.3
20180110,43.5,92.1,0,,1023.2
20180111,49.3,91.8,1.32,rain,1017.8
20180112,53.8,94.5,1.45,rain,1004.6
20180113,21.5,80.4,0,,1022.8
20180114,16.5,69.6,0,,1033.7
20180115,21.7,71.6,0,,1029.6
20180116,28.6,74.7,0,,1027.7
20180117,15.1,77.3,0,,1030
20180118,16.6,55.1,0,,1031
20180119,31.6,25.6,0,,1025.5
20180120,39.6,61.1,0,,1023.9
20180121,44.3,74.9,0,,1023
20180122,45.5,81.2,0.13,rain,1015.7
20180123,45.5,67.5,0.17,rain,1010.5
20180124,32,69.9,0,,1023.1
20180125,31.1,61.9,0,,1032.2
20180126,35.2,55.6,0,,1033.6
20180127,44.2,76.2,0.14,rain,1028.2
20180128,47.3,99.1,0.32,rain,1022.1
20180129,41.7,71.5,0.07,"rain,snow",1018.7
20180130,24.9,65.6,0.01,"rain,snow",1026.2
20180131,29,56.9,0,,1022.8
20180201,38.8,68.2,0.13,"rain,snow",1017.2
20180202,23.3,72.9,0.03,"rain,snow",1026.6
20180203,26.3,51.3,0,,1027.5
20180204,36.8,80.3,0.71,"rain,snow",1013.6
20180205,31.6,75.9,0,,1020.6
20180206,37.4,79.5,0.08,rain,1025.5
20180207,43.4,91.6,0.69,rain,1018.9
20180208,32.3,66.9,0,,
20180209,38.4,61,0,,
20180210,48.9,90.4,0.58,rain,1016.3
20180211,56.9,94,0.84,rain,1013
20180212,48.2,90.9,0.05,rain,
20180213,37.8,83.2,0.14,"rain,snow",
20180214,50.1,87.5,0.07,rain,
20180215,60.6,81.6,0.07,rain,
20180216,55.9,76.9,0.08,rain,1012.1
20180217,41.2,91.1,0.2,rain,
20180218,44.3,66.4,0,,
20180219,51.5,83.5,0.03,rain,
20180220,58.1,81.3,0,,1025
20180221,61.9,86.5,0.07,rain,1025.4
20180222,64.2,77.9,0,,1024.9
20180223,60,81.1,0,,1022.2
20180224,60.6,75.2,0,,
20180225,56.9,70.7,0.17,rain,1019.4
20180226,45.4,84.4,0.03,rain,
20180227,40.6,65,0,,
20180228,45.5,74.9,0.08,rain,
20180301,50.9,89.3,0.61,rain,1008.3
20180302,37.4,53.7,0.02,"rain,snow",
20180303,35.2,35,0,,
20180304,39.3,36.5,0,,1022.7
20180305,41.3,46.8,0,,1020.8
20180306,38.5,85.2,0.07,"rain,snow",1008.2
20180307,32.1,70.2,0.04,"rain,snow",
20180308,28.6,61.8,0,,
20180309,31.1,50.3,0,,
20180310,41.5,68.4,0,,1014.3
20180311,39.7,89.6,0.02,rain,1013.5
20180312,32.6,91.3,0.41,"rain,snow",1014.6
20180313,30.4,66.7,0.02,"rain,snow",1016.2
20180314,25.2,69.8,0.03,snow,1016.8
20180315,40.7,42.7,0,,1012.4
20180316,48.3,36.7,0,,1013.8
20180317,50.6,52.4,0.27,rain,1010.9
20180318,50.3,70.2,0.07,rain,1011.5
20180319,50.7,72.1,0.01,rain,1005.9
20180320,48.7,94.1,0.63,rain,997.9
20180321,30.2,85.6,0.06,"rain,snow",1007.8
20180322,31.8,64.2,0,,1022
20180323,36.1,51.9,0,,1023.5
20180324,33.1,90.4,0.71,"rain,snow",1018.2
20180325,37.4,78.5,0.2,"rain,snow",1018
20180326,38,56,0,,1027.2
20180327,45.2,62.5,0,,1024.5
20180328,55.1,76.3,0,,1016.7
20180329,60.5,67.1,0.07,rain,1011.2
20180330,50.6,78,0.15,rain,1015
20180331,44.7,56.8,0,,1023.2
20180401,49.8,57.8,0,,1017.8
20180402,56.6,62.2,0.02,rain,1013.4
20180403,56.7,72.7,0,,1011.3
20180404,49.5,60.1,0.14,rain,1012.9
20180405,39.6,44,0,,1021.9
20180406,46.1,58.1,0.19,rain,1015.3
20180407,41.8,92.4,0.2,rain,1010.9
20180408,34.6,58.7,0,,1015.6
20180409,39.5,82.7,0,,1016.1
20180410,42.7,66.9,0,,1020.9
20180411,45.4,54.6,0,,1021
20180412,53.6,50.7,0,,1018
20180413,59.7,50.1,0,,1015.1
20180414,63.4,59.2,0,,1012.4
20180415,59.1,86.8,2.68,rain,1005.2
20180416,35.1,84.4,0.05,"rain,snow",1010
20180417,41.1,59,0,,1014
20180418,64,43.5,0,,1008.9
20180419,48.4,58.9,0,,1015.5
20180420,44.9,46.6,0,,1027.2
20180421,48.5,46.7,0,,1025.6
20180422,49.6,67.5,0,,1022.7
20180423,50,86.4,1.1,rain,1018.2
20180424,51.2,93.9,0.89,rain,1010.8
20180425,52.8,89.8,0.27,rain,1010.1
20180426,52,81.5,0.13,rain,1010.5
20180427,52.8,75.6,0.04,rain,1008.7
20180428,54.2,56.3,0,,1011.2
20180429,47.1,41.3,0,,1021.1
20180430,51.8,36.4,0,,1024.2
20180501,57.9,42,0,,1022.9
20180502,62.6,50.8,0,,1023
20180503,65.8,57.3,0,,1021.2
20180504,66.3,60.2,0,,1018.3
20180505,64.7,79.7,0.27,rain,1015.3
20180506,59.4,74.6,0.31,rain,1013
20180507,57.6,68,0.33,rain,1016.9
20180508,57.5,74.5,0,,1019
20180509,61.7,69,0,,1018
20180510,65,66.9,0.1,rain,1015.5
20180511,68.1,66.1,0,,1017.1
20180512,68.8,66.1,0,,1018.6
20180513,69.5,62.3,0,,1017.4
20180514,70.3,64.7,0,,1015.8
20180515,68,80.7,0.29,rain,1014.2
20180516,64.6,93.8,0.85,rain,1012.5
20180517,66.4,90.6,0.79,rain,1011.3
20180518,65.9,93.6,2.08,rain,1011.7
20180519,66.9,85.9,0.4,rain,1015.1
20180520,69,75.3,0.1,rain,1018.6
20180521,66,88.1,0.3,rain,1018.9
20180522,67,84.3,0.18,rain,1017.5
20180523,68.8,78.7,0.03,rain,1017.1
20180524,66.1,83.1,0,,1018.1
20180525,69.5,77.8,0,,1015.5
20180526,66.8,91.8,1.34,rain,1012.3
20180527,69.3,85.4,0.05,rain,1013.3
20180528,65.8,95.5,0.42,rain,1013.2
20180529,66.8,95,1.26,rain,1011.6
20180530,69.4,90.7,0.82,rain,1010.6
20180531,70.3,82.7,0.24,rain,1013
20180601,69.4,73.4,0.3,rain,1012.3
20180602,68.7,83.3,0.2,rain,1010.6
20180603,69.7,81.6,0.37,rain,1010.3
20180604,66.3,55.3,0,,1012.3
20180605,65.3,58,0,,1011.5
20180606,67.1,62.5,0,,1010.8
20180607,65.8,75.6,0,,1016.1
20180608,68.5,74.9,0,,1019.7
20180609,70.2,75,0,,1017.9
20180610,70.4,74.1,0.01,rain,1013.9
20180611,70.7,73.2,0.02,rain,1012.6
20180612,64.9,88.6,0.15,rain,1016.2
20180613,68.3,83.7,0.46,rain,1016.2
20180614,71.6,78.4,0.01,rain,1016.4
20180615,70.6,69,0,,
20180616,70.6,72.3,0,,
20180617,72.4,76.4,0.07,rain,
20180618,74.7,70.4,0,,1018.8
20180619,74.8,72.1,0.05,rain,1016.4
20180620,74.3,70.4,0.01,rain,
20180621,70.6,78.8,0.06,rain,1009
20180622,70.9,76.8,0.1,rain,1007.6
20180623,69.6,72.1,0,,1009.6
20180624,72.9,71.3,0.05,rain,1013.4
20180625,69.5,80.9,0.25,rain,1017.6
20180626,67.2,92.6,0.35,rain,1018.7
20180627,67.5,85.6,0.09,rain,
20180628,69.7,83,0.03,rain,
20180629,72.8,78.8,0,,
20180630,73.5,77.3,0.01,rain,
20180701,74.1,82,0.23,rain,
20180702,73.7,79.7,0.01,rain,1017
20180703,74.9,75.1,0,,1019.6
20180704,75.2,75.6,0,,1020.8
20180705,74.9,76.2,0,,
20180706,71.2,84.3,0.04,rain,1019.5
20180707,65.4,90.7,0.29,rain,
20180708,65.5,74.6,0,,
20180709,67.3,67.4,0,,
20180710,71.2,64.6,0,,
20180711,71.6,75.5,0,,1015.3
20180712,71.4,83.3,0.23,rain,
20180713,70.6,83.6,0,,1019.5
20180714,71.3,78.8,0,,
20180715,72.5,79.1,0.04,rain,
20180716,71.6,85.6,0.09,rain,
20180717,72.1,82.6,0.02,rain,
20180718,71.2,68.1,0,,
20180719,66.7,73.6,0,,
20180720,67.8,78.3,0.04,rain,1016.5
20180721,67.4,79.1,0.27,rain,1016.4
20180722,65.7,87.6,0.04,rain,1007.1
20180723,66.2,89.9,0.04,rain,1009.4
20180724,67.7,91.5,0.03,rain,
20180725,68.4,83.9,0.02,rain,
20180726,69.9,75,0,,1015.2
20180727,70.4,71.6,0,,1015.3
20180728,69.3,69.3,0,,
20180729,69,74.4,0,,
20180730,70.5,85.6,0.25,rain,
20180731,69.7,88.7,0.08,rain,
20180801,66.9,92.2,0.15,rain,
20180802,67.1,94.2,0.37,rain,
20180803,68.3,89,0.41,rain,1017.6
20180804,68.7,87.8,0.09,rain,1020.5
20180805,72.3,78.5,0.01,rain,1022
20180806,70.9,84.3,0,,1020.5
20180807,73,76.8,0,,1017.5
20180808,70.2,83.9,0.1,rain,1016.2
20180809,71.3,75.7,0,,1015.6
20180810,70.5,83.3,0.01,rain,1014.4
20180811,70.5,83.4,0,,1013.3
20180812,68.6,86.1,0.04,rain,1015.9
20180813,68.3,75.7,0.02,rain,
20180814,68.3,74.6,0.01,rain,
20180815,69.3,76.6,0,,
20180816,72.6,72.4,0,,
20180817,71.7,80.4,0,,1016
20180818,69.8,87.7,0.47,rain,
20180819,70.4,84.7,0.2,rain,
20180820,69.2,93.3,0.32,rain,
20180821,69.6,92.4,0.16,rain,1013.3
20180822,66.8,85.8,0.05,rain,1013.7
20180823,61.8,68.9,0,,
20180824,59.5,75.3,0.07,rain,
20180825,62.8,78,0,,
20180826,68.2,81.8,0,,
20180827,71.6,81.1,0,,1020.3
20180828,71.7,78.5,0,,1020.2
20180829,71.8,79.3,0,,1019.3
20180830,71.2,80.9,0.01,rain,1019
20180831,69.3,83.1,0.07,rain,1019.7
20180901,70.9,81.5,0,,1021.3
20180902,69.5,87.3,0,,1022.3
20180903,70.6,85.1,0.01,rain,1023.6
20180904,71.5,81.7,0,,1023.1
20180905,72.1,86,0.02,rain,1021.7
20180906,72.4,82.5,0,,1020.7
20180907,71.9,79.5,0,,1018.3
20180908,70.8,84.8,0.07,rain,1013.4
20180909,69.3,89.4,0.48,rain,1010
20180910,68.1,91.5,0.5,rain,1012.3
20180911,69.6,92.5,0.05,rain,1016.8
20180912,69.9,93.8,1.05,rain,1018.4
20180913,71.7,84.6,0.13,rain,1018.2
20180914,70.8,80.3,0.01,rain,1015.9
20180915,68,92,0.17,rain,1014.6
20180916,65.9,96.8,1.9,rain,1011.5
20180917,68.2,96.7,2.16,rain,1010.3
20180918,69.3,82,0.09,rain,1013.6
20180919,68,82,0,,1015.3
20180920,69,86.3,0,,1018.3
20180921,71.3,79.1,0,,1019.1
20180922,70.1,80.7,0.05,rain,1017.8
20180923,68.1,88.2,0.2,rain,1016.9
20180924,63.2,92.8,0.2,rain,1019.4
20180925,65.8,91,0.06,rain,1019.6
20180926,66.4,89.6,0.01,rain,1016.9
20180927,65.7,96.4,0.48,rain,1014.4
20180928,65.8,83.9,0.13,rain,1018.2
20180929,65.5,87.3,0.02,rain,1021.8
20180930,65.6,90.9,0.03,rain,1023
20181001,67.5,86,0,,1023.9
20181002,65.6,85,0.06,rain,1022.2
20181003,68.7,81.4,0,,1019.5
20181004,68.1,82.9,0,,1018.6
20181005,70.6,79.8,0,,1018.1
20181006,70.2,86.4,0.02,rain,1019.1
20181007,71.1,85.5,0,,1020.9
20181008,69.6,87.9,0.28,rain,1022
20181009,66.6,89.4,0.15,rain,1019.9
20181010,67.2,93.9,2.46,rain,1012.1
20181011,64.8,87.3,2.03,rain,1005.8
20181012,51.9,65.8,0.35,rain,1012.3
20181013,50,74.8,0,,1014.4
20181014,51.4,94.1,0.1,rain,1018.5
20181015,64.2,84.2,0.06,rain,1018.7
20181016,60.1,91.3,0.07,rain,1020.2
20181017,55.1,70.1,0.04,rain,1022.7
20181018,48.7,64.5,0,,1028.4
20181019,50.1,77.9,0,,1023.5
20181020,54.5,76.6,0.1,rain,1013.4
20181021,40.3,54.3,0,,1023
20181022,43.2,67.6,0,,1024.5
20181023,49.1,58,0,,1022.6
20181024,46.3,62.4,0,,1023.3
20181025,40.9,80.7,0,,1019.8
20181026,43.8,93.1,0.97,rain,1007.6
20181027,45,94.9,0.1,rain,1006.7
20181028,47.6,76.3,0.14,rain,1013.2
20181029,46.4,59.5,0,,1017.5
20181030,46.4,67.3,0,,1021.4
20181031,51.4,76,0,,1018.8
20181101,56.7,85.9,0.18,rain,1008.8
20181102,52.1,95.7,0.49,rain,1006.5
20181103,39.4,79.8,0.01,rain,1020.2
20181104,41.3,77.8,0,,1024.3
20181105,52.2,93.9,0.15,rain,1017
20181106,55.8,76.9,0.22,rain,1012.2
20181107,54.2,55,0,,1019.1
20181108,49.1,71.1,0,,1019.5
20181109,44.9,94.9,0.14,rain,1015.8
20181110,32.8,62.3,0,,1024.3
20181111,31,64.3,0,,1026.3
20181112,36.9,84.5,0.81,"rain,snow",1022.1
20181113,43.2,96.3,0.1,rain,1019.9
20181114,36.6,85.5,0.05,"rain,snow",1026.5
20181115,34,96.3,0.91,"rain,snow",1016.6
20181116,32.6,80.3,0,,1019.6
20181117,40.4,71.6,0,,1023.5
20181118,39.5,83,0,,1023.2
20181119,45.3,76.7,0,,1018.3
20181120,42.7,70.1,0,,1018.7
20181121,36.3,64.3,0,,1025
20181122,39.9,69,0,,1027.3
20181123,32.7,88.3,0.08,"rain,snow",1023.3
20181124,39.5,91.8,0.82,"rain,snow",1010.6
20181125,45.3,72.2,0,,1011.8
20181126,38,81,0,,1006.3
20181127,24.5,79.5,0,,1012.6
20181128,20.7,72,0,,1018.3
20181129,35.1,61.3,0.1,rain,1019.4
20181130,46.8,98.6,0.25,rain,1016.3
20181201,49.7,94.3,0.18,rain,1010.2
20181202,53.6,85.6,0,,1004.1
20181203,44.6,59.5,0,,1011.3
20181204,32.7,73.5,0,,1018.2
20181205,27.8,76.2,0.04,snow,1021.6
20181206,30.3,59.2,0,,1027.4
20181207,33.3,64.9,0,,1028.5
20181208,32.9,78.2,0.01,"rain,snow",1028.9
20181209,28.5,97.3,0.85,"rain,snow",1019.7
20181210,33.2,91.9,0.12,"rain,snow",1019.5
20181211,29.3,57.3,0,,1024.5
20181212,32.1,57.5,0,,1023.1
20181213,38,64.3,0,,
20181214,39.1,90.5,0.59,rain,
20181215,41.5,97.2,0.34,rain,
20181216,40.5,96.4,0.03,rain,
20181217,40.8,75.4,0,,
20181218,38.5,61.9,0,,1019.5
20181219,36.4,74.3,0,,
20181220,42.2,87.7,1.2,rain,
20181221,41.4,98.2,1.38,"rain,snow",988
20181222,32.2,84.3,0,,
20181223,35.2,70,0.05,rain,
20181224,33,70.8,0,,
20181225,32.3,70.2,0,,
20181226,34.4,79.3,0,,
20181227,36.7,83.8,0.18,rain,1018.4
20181228,49.1,94.5,2.34,rain,
20181229,46.4,74.5,0,,1022.2
20181230,46.6,69.9,0,,1020.7
20181231,51.5,90.3,0.01,rain,1019.9
20190101,50.9,80.6,0.05,rain,
20190102,42,95.1,0.03,rain,
20190103,44.8,92.5,0.12,rain,
20190104,44.9,96.8,0.53,rain,
20190105,39.6,80.4,0,,
20190106,43,70.5,0,,1022.4
20190107,41.6,75.8,0,,
20190108,49.8,67.7,0,,
20190109,33.8,51.2,0,,
20190110,23.1,60.6,0,,
20190111,29.6,49.9,0,,
20190112,30.8,72,0.18,"rain,snow",
20190113,33.7,98.9,0.4,"rain,snow",
20190114,34.3,94.3,0.09,"rain,snow",
20190115,30,82.9,0,,
20190116,30.6,82.2,0,,
20190117,29.7,95.7,0.06,"rain,snow",
20190118,38.8,93.2,0.02,rain,
20190119,40.3,95.7,0.52,rain,
20190120,27.6,78.7,0.07,"rain,snow",
20190121,13,51,0,,
20190122,24.6,49,0,,
20190123,41.2,89.7,0.36,rain,
20190124,36.3,90.6,0.87,"rain,snow",1002.3
20190125,25.6,65.7,0,,
20190126,26.8,57.4,0,,
20190127,30.1,76.1,0,,
20190128,35.1,71.5,0,,
20190129,30.5,74.1,0.04,"rain,snow",
20190130,18.1,55.3,0,,
20190131,20.4,56.1,0,,
20190201,30.3,76.5,0,,
20190202,40.7,68,0,,
20190203,40.6,74.8,0,,
20190204,43.5,72.8,0,,
20190205,51,81.7,0,,
20190206,50.6,88.3,0.33,rain,
20190207,61.1,80.4,0.22,rain,
20190208,43.5,61.4,0.05,rain,1017.6
20190209,31.6,47.3,0,,
20190210,33.4,68.1,0.09,"rain,snow",
20190211,46.3,95.5,0.12,rain,
20190212,44,93,0.35,rain,
20190213,34.1,45.3,0,,
20190214,40.6,42.9,0,,
20190215,47.7,63.4,0.01,rain,
20190216,42.7,92.2,0.17,rain,
20190217,35.7,94.4,0.34,"rain,snow",
20190218,40.8,73.8,0.09,rain,
20190219,31.7,76,0.14,"rain,snow",
20190220,35.9,94.8,0.45,"rain,snow",
20190221,50.1,92.9,0.06,rain,
20190222,44.2,97.4,0.28,rain,
20190223,41,97.9,1.18,rain,
20190224,48,63.8,0.17,rain,
20190225,36.1,32.5,0,,
20190226,40.9,47.9,0,,1028.8
20190227,46.7,68.7,0,,
20190228,50.3,75.2,0.01,rain,1014.6
20190301,46.7,99.1,0.35,rain,
20190302,44.7,79.4,0,,
20190303,41.3,97.3,0.29,rain,1015.4
20190304,27.5,84,0,,1016
20190305,24.4,56.9,0,,
20190306,21.6,48,0,,
20190307,30.4,45.5,0,,
20190308,34,75.1,0.16,"rain,snow",
20190309,39.5,95.1,0.14,rain,
20190310,54.1,66.2,0.42,rain,
20190311,47,57,0,,
20190312,42.6,43.8,0,,
20190313,45.3,53.1,0,,
20190314,52.9,72.9,0,,
20190315,56.1,74.2,0.12,rain,
20190316,38.5,45.9,0,,
20190317,38.1,41,0,,
20190318,34.8,51.7,0,,
20190319,35.1,47,0,,
20190320,38.3,52.4,0,,
20190321,38.2,71.2,0.01,rain,
20190322,40.5,62.7,0,,
20190323,40.9,38.8,0,,
20190324,46.6,46.2,0,,
20190325,46.9,72.9,0.05,rain,
20190326,42.6,86.4,0,,
20190327,39,55.4,0,,
20190328,45.3,52.9,0,,
20190329,51.9,48.3,0,,
20190330,55.8,55.2,0,,
20190331,43.7,66.4,0.06,rain,
20190401,34.8,45.3,0,,
20190402,38.9,50,0,,
20190403,46.8,53.2,0,,
20190404,53.4,49,0,,
20190405,50.5,84.3,0.34,rain,
20190406,56.2,72.3,0,,
20190407,58.5,81.8,0.08,rain,
20190408,59.7,88.7,0.09,rain,
20190409,60.6,75,0.01,rain,
20190410,57.4,51.4,0,,
20190411,57.5,65.8,0,,
20190412,62.1,82.5,0.13,rain,
20190413,58.8,90.2,0.47,rain,
20190414,61.5,87.4,2,rain,
20190415,44.4,65.4,0.01,rain,
20190416,53.3,45.9,0,,1024.6
20190417,60.9,47.3,0,,
20190418,62.9,56.5,0,,
20190419,59.3,90,2.08,rain,
20190420,42.4,89.9,0.15,rain,
20190421,43.6,77.6,0,,
20190422,55.4,58.6,0,,1021.8
20190423,61.2,56.4,0,,
20190424,64.6,47.6,0,,
20190425,62.1,59.4,0,,
20190426,53.9,79.6,0.61,rain,
20190427,54,46.6,0,,
20190428,61.5,55.3,0.01,rain,1016
20190429,57,73.4,0,,1019.1
20190430,65.5,69.5,0,,1019.8
20190501,68.3,64.8,0,,
20190502,65.9,76.1,0.1,rain,
20190503,63.2,81.3,0.2,rain,
20190504,62.8,87.2,0.12,rain,
20190505,60.6,87.3,0.43,rain,
20190506,60.4,63.5,0,,
20190507,60.4,74.7,0,,1019.3
20190508,64.8,76.7,0,,1015
20190509,65.8,73.4,0.05,rain,1013.3
20190510,66.1,80.8,0.15,rain,
20190511,62.7,93.4,0.36,rain,1014
20190512,62.7,89,0.35,rain,1005.7
20190513,55.3,71.9,0.01,rain,
20190514,50.4,59.4,0,,
20190515,50.9,67.8,0,,
20190516,58.4,67.1,0,,1017
20190517,66,70.7,0,,1013.1
20190518,67.8,77.2,0.15,rain,
20190519,68.4,74.9,0.02,rain,1013.7
20190520,67.6,68.3,0,,
20190521,67.4,53.3,0,,
20190522,65.2,80.2,0,,
20190523,71.6,69.3,0,,
20190524,73.1,61.7,0,,
20190525,70.9,68.6,0,,1018.9
20190526,72.4,61.8,0,,1018.2
20190527,71.3,67.1,0,,1015.7
20190528,72.3,67.2,0,,1012.7
20190529,72.5,66.3,0,,1010.7
20190530,72.2,58,0,,1010.7
20190531,65.9,72.4,0.15,rain,1011
20190601,63.2,69.5,0,,1012.1
20190602,65.1,69.7,0,,1010.3
20190603,64.7,61,0,,1015.3
20190604,62.5,65.2,0,,1018.2
20190605,67.1,75.8,0.05,rain,1013.9
20190606,68.6,83.8,0.28,rain,1011
20190607,65.4,97.7,0.67,rain,1010.3
20190608,65.7,95.6,3.24,rain,
20190609,65,96.4,2.58,rain,
20190610,67,91.6,0.3,rain,
20190611,62.3,63.2,0,,
20190612,58.1,73.4,0,,1016.9
20190613,60.3,67.6,0.07,rain,
20190614,59.5,48.9,0,,
20190615,64.5,60.6,0,,
20190616,70.3,70.6,0,,
20190617,71.3,77.1,0.1,rain,
20190618,66.5,93.8,1.8,rain,
20190619,68.1,89.9,0,,
20190620,67.6,81.6,0.14,rain,
20190621,66.9,69.2,0.02,rain,
20190622,67.3,80.3,0.2,rain,1016.7
20190623,68.2,87.1,0,,1016.4
20190624,71.2,80.7,0.41,rain,
20190625,69.3,74,0,,
20190626,69.1,71.7,0,,
20190627,70.3,74,0,,
20190628,68.9,78.1,0,,
20190629,70,72.3,0,,
20190630,71,75.9,0.02,rain,
20190701,73,71.1,0,,
20190702,71.8,74.3,0,,
20190703,73.2,72,0.09,rain,
20190704,71.4,82.1,0.22,rain,
20190705,71.3,86.7,0.55,rain,
20190706,71.2,86,0.15,rain,
20190707,73.5,77.7,0,,
20190708,73.2,76.8,0,,
20190709,68.7,94,0.36,rain,
20190710,72,84,0.01,rain,
20190711,70.5,89.8,0.3,rain,
20190712,73.3,76.7,0.05,rain,
20190713,73.2,76.6,0,,
20190714,74.5,70.4,0,,
20190715,74.4,71.8,0,,
20190716,73.9,75.3,0,,
20190717,71.7,79.6,0.07,rain,
20190718,73.1,81.6,0.12,rain,
20190719,74.9,77.9,0,,
20190720,74.2,81.4,0,,
20190721,73.2,79.3,0.1,rain,
20190722,70.8,85.7,0.29,rain,
20190723,64.6,88.7,1.02,rain,
20190724,63,66.2,0.03,rain,
20190725,62,73.4,0,,
20190726,63.4,78.3,0,,
20190727,65.8,75.2,0,,
20190728,67.4,75.6,0,,
20190729,68.4,77.4,0,,
20190730,66.6,81.9,0.12,rain,
20190731,68.6,79,0.37,rain,
20190801,67.1,85.6,0.06,rain,
20190802,66.3,90.3,0.41,rain,
20190803,66.8,88.2,0.17,rain,
20190804,68.7,79.7,0,,
20190805,67.7,85.2,0,,
20190806,68.7,75.7,0,,
20190807,68.1,77.8,0,,
20190808,70.3,72.6,0,,
20190809,71.7,68.5,0,,
20190810,72.2,73.6,0,,
20190811,68.7,78.8,0,,
20190812,70.9,79.4,0,,
20190813,73.4,80.2,0.27,rain,
20190814,72.9,77.5,0.01,rain,
20190815,71.1,78.8,0.01,rain,
20190816,71.1,70.5,0,,
20190817,70.6,75,0,,
20190818,71.6,75.7,0,,
20190819,71.4,78.8,0,,
20190820,71.1,79.6,0,,
20190821,73.1,76.2,0,,1017.3
20190822,71.2,83.8,0.28,rain,
20190823,71,81.9,0.35,rain,
20190824,62,96.8,0.98,rain,
20190825,60.4,88.5,0,,
20190826,60.8,88.3,0,,
20190827,62.9,95.7,0.08,rain,
20190828,67.3,77.9,0.03,rain,1012.3
20190829,63.5,66,0,,1015.8
20190830,63.8,75.2,0,,
20190831,66.6,76.6,0,,
20190901,65.8,79.3,0,,
20190902,67.5,75.5,0,,
20190903,69,80.6,0,,
20190904,71.3,72.6,0,,
20190905,70.1,78.5,0,,
20190906,68.9,65,0,,
20190907,69.3,63.8,0,,
20190908,65.7,74.4,0,,
20190909,68.9,68.2,0,,
20190910,70.8,82.1,0,,
20190911,73,75.3,0,,
20190912,72.6,75.3,0,,
20190913,69.8,84.1,0,,
20190914,70.3,87.5,0.02,rain,
20190915,69.5,74.1,0,,
20190916,68.4,65.8,0,,
20190917,70.1,72.3,0,,
20190918,63,90.8,0.02,rain,1016.8
20190919,57.9,84.2,0,,
20190920,59.5,80.9,0,,
20190921,64.4,81,0,,
20190922,66.7,72.5,0,,
20190923,66.9,68.7,0,,
20190924,66.8,61.7,0,,
20190925,62.2,69.5,0,,
20190926,66.3,71.5,0,,
20190927,68.5,76.2,0.05,rain,
20190928,69.2,85.7,0.31,rain,
20190929,69.3,81.9,0.02,rain,
20190930,68.3,85.2,0.02,rain,
20191001,71.5,82.9,0.02,rain,
20191002,70.9,73.7,0,,
20191003,71.2,66.7,0,,
20191004,69.2,61.9,0,,1018.7
20191005,56.5,83.7,0,,
20191006,59.9,92.2,0,,
20191007,62.8,87,0.22,rain,1017.6
20191008,57.8,98.3,0.53,rain,
20191009,56.9,91.1,0,,
20191010,59.7,82.4,0,,
20191011,58,79.4,0,,
20191012,58.9,81.1,0,,
20191013,55.2,91.1,0,,
20191014,53.2,59.7,0,,
20191015,51.1,68.9,0,,
20191016,51.8,78.7,0.38,rain,1008.9
20191017,43.1,63.8,0,,
20191018,47.2,62.8,0,,
20191019,44.8,84.7,0.51,rain,
20191020,53.1,95.1,1.33,rain,
20191021,54.2,95.9,0,,
20191022,56.5,81.8,1.07,rain,1011.5
20191023,46.2,63.7,0,,1018.5
20191024,44.5,72.1,0,,1024.6
20191025,49.6,85,0.01,rain,1024.7
20191026,57.4,94.3,1.01,rain,
20191027,60.2,83.8,1.73,rain,
20191028,53.7,80.8,0,,1018.6
20191029,57.6,85.4,0,,
20191030,57.5,97,0.68,rain,
20191031,57.5,95.6,1.47,rain,1005.1
20191101,35,71.3,0.02,"rain,snow",
20191102,37.6,71.8,0,,
20191103,38.4,58.8,0,,
20191104,39.5,69.2,0,,
20191105,46.2,73.8,0,,
20191106,46,65.7,0,,
20191107,46.3,83.4,0.27,rain,
20191108,33.7,65,0,,1024.3
20191109,30.6,70.9,0,,
20191110,45.3,61.3,0,,
20191111,46.7,71.5,0,,
20191112,30.5,78.2,0.11,"rain,snow",
20191113,23.1,58,0,,
20191114,31.4,59.7,0,,
20191115,40.6,46.9,0,,
20191116,38.2,61.1,0,,
20191117,39.5,71.8,0,,
20191118,39,91.5,0.03,rain,
20191119,40.4,69.2,0,,
20191120,40.4,79.4,0.02,rain,
20191121,42.5,75.4,0,,
20191122,48.2,80.9,0.01,rain,
20191123,44.8,97.7,0.88,rain,
20191124,34.8,83.9,0.06,"rain,snow",
20191125,40.3,71.1,0,,
20191126,42,74,0,,
20191127,52.4,56.1,0.17,rain,
20191128,38,63,0,,
20191129,44.7,47.8,0,,
20191130,45.2,95.6,1.02,rain,
20191201,49.1,71.5,0.75,rain,
20191202,31.3,80,0,,
20191203,29.6,79.7,0,,
20191204,36.1,61.7,0,,
20191205,38.2,51.8,0,,
20191206,40.1,61.5,0,,
20191207,41.6,74.1,0,,
20191208,37.3,66.3,0,,
20191209,47.7,82.2,0.07,rain,1013.7
20191210,44.7,95.4,0.23,"rain,snow",
20191211,29,68.4,0.01,"rain,snow",
20191212,29.9,68.9,0,,
20191213,36.2,95.9,0.42,"rain,snow",
20191214,39.8,92.7,0.41,rain,
20191215,40.5,71.6,0,,
20191216,47.1,78.4,0,,
20191217,45.6,93.2,0.35,rain,
20191218,26.8,64.1,0,,
20191219,28.6,48.9,0,,1030.7
20191220,33.7,63.7,0,,
20191221,35.7,69,0,,
20191222,37.5,74,0.03,rain,
20191223,45.3,96.1,0.32,rain,
20191224,45.9,81.6,0,,
20191225,42.1,78.5,0,,
20191226,44.5,73.1,0,,
20191227,44.7,75.4,0,,
20191228,48.5,74.2,0,,
20191229,55.8,94.2,0.58,rain,
20191230,51.3,64.6,0.72,rain,
20191231,36.4,61.5,0,,
20200101,35,64.7,0,,
20200102,38,79.7,0.25,rain,
20200103,50,96.7,0.24,rain,
20200104,44.1,85.2,0.15,rain,
20200105,32.4,65.6,0,,
20200106,36.5,58.3,0,,1022.2
20200107,34.7,69.7,0.14,"rain,snow",
20200108,36.7,55.1,0,,
20200109,38,58.9,0,,
20200110,47.2,79.1,0.07,rain,
20200111,56.8,91.7,3.06,rain,1010.6
20200112,51.5,70.9,0,,
20200113,48.8,77.6,0,,
20200114,55,90.4,0.21,rain,
20200115,54.3,97.3,0.06,rain,
20200116,47.2,54.8,0.02,rain,1031.5
20200117,33.2,36.5,0,,
20200118,37.4,70.4,0.14,rain,
20200119,33.3,61.2,0,,
20200120,19.6,66.2,0,,1029.6
20200121,19.7,63.7,0,,1032.3
20200122,26.7,55.3,0,,1028.3
20200123,34.4,48.5,0,,1022.4
20200124,39.3,89.8,1.09,"rain,snow",1013.4
20200125,33.9,83.6,0,,1014.9
20200126,32.9,72,0,,1016.4
20200127,36.4,89.1,0.11,"rain,snow",1012.1
20200128,36.3,75.7,0,,1015.2
20200129,36.4,75,0,,
20200130,34.1,95.8,0.02,"rain,snow",
20200131,34.4,94.2,0.03,"rain,snow",
20200201,35.5,95,0,,1012.8
20200202,42.4,59,0,,
20200203,53,44.9,0,,
20200204,53,62.7,0.05,rain,
20200205,55.2,90.6,0.46,rain,1009.5
20200206,53,99,2.33,rain,992.7
20200207,32.7,83.6,1.21,rain,1001.6
20200208,28.1,77.7,0,,1022.2
20200209,36.6,66,0,,1026.9
20200210,44.5,78,0.13,rain,1020.5
20200211,52,97.2,0.28,rain,1015.1
20200212,45.3,90.6,0.01,rain,1006.9
20200213,48.4,86.1,0.63,rain,1012.3
20200214,30,61.4,0,,1025.4
20200215,28.3,63.1,0,,1028.8
20200216,38.5,61.9,0,,1022.4
20200217,40.9,70.1,0,,1018.6
20200218,45.3,87.9,0.14,rain,1018.2
20200219,40,68.4,0.02,rain,1024.3
20200220,31.9,78.8,0.1,"rain,snow",1027.6
20200221,27.9,53.1,0,,1031.1
20200222,33.7,43.5,0,,1030.1
20200223,38.2,54.2,0,,1023.8
20200224,39.2,83.6,0.21,"rain,snow",1009.7
20200225,49.3,84.5,0.25,rain,
20200226,43.9,85,0.15,"rain,snow",
20200227,28.2,63.5,0.01,"rain,snow",
20200228,29.5,72.2,0,,1016.1
20200229,28.6,61.8,0,,
20200301,38.2,37.8,0,,
20200302,42.8,65.7,0.02,rain,
20200303,49.3,78.8,0.47,rain,
20200304,47.3,40.9,0.01,rain,
20200305,43.9,56.7,0,,
20200306,35.1,73.6,0,,1014.2
20200307,32.9,56.7,0,,1028.8
20200308,39.7,50.5,0,,
20200309,45.8,50.2,0,,1027.2
20200310,53.3,73.7,0.06,rain,
20200311,54.8,76.5,0.05,rain,1017.5
20200312,53.5,72.4,0,,
20200313,58,71.6,0.31,rain,
20200314,49,49.6,0,,
20200315,46.1,88.8,0.05,rain,
20200316,40.5,94,0,,
20200317,49.5,93.9,0.07,rain,1022.2
20200318,49.9,94.1,0.01,rain,1023.5
20200319,60.5,83,0.06,rain,1021.6
20200320,61.6,76.7,0.36,rain,1020.1
20200321,53.9,77.8,0.01,rain,
20200322,43.8,79.8,0,,
20200323,46.2,95.4,0.43,rain,1018.4
20200324,49.1,93.8,0.5,rain,1017.6
20200325,49.9,80.4,0.34,rain,
20200326,48.4,82.3,0,,
20200327,65.4,58.7,0,,
20200328,66.9,67.4,0,,
20200329,63.4,59.6,0.02,rain,1014.6
20200330,56.2,35.5,0,,1017.7
20200331,43.9,70.4,0.26,rain,1012.9
20200401,38.8,80.6,0.01,rain,1014.6
20200402,44.1,61,0,,1017.4
20200403,49.7,45.3,0,,1016.4
20200404,55.2,44,0,,1015.6
20200405,55.2,59.3,0,,
20200406,57.6,63.3,0,,
20200407,58.8,68.6,0.07,rain,1015.7
20200408,60.7,75.3,0.08,rain,
20200409,55.9,57.6,0.23,rain,
20200410,41,39.8,0,,
20200411,45.8,39.1,0,,
20200412,51.1,67.8,1.07,rain,
20200413,56.8,79.7,2.77,rain,
20200414,47.4,69.4,0,,
20200415,39.5,48.5,0,,
20200416,42.5,42.6,0,,
20200417,48.9,51.6,0,,
20200418,48.9,60.3,0.3,rain,
20200419,46.9,58.8,0,,
20200420,50.4,69.9,0.52,rain,
20200421,52.4,55.7,0.02,rain,
20200422,50.5,35.4,0,,
20200423,50.9,84.5,0.35,rain,
20200424,55.5,84.8,0.15,rain,
20200425,48.5,94.7,0.29,rain,1011.2
20200426,48.3,83,0.09,rain,
20200427,47.4,58.8,0,,
20200428,53.3,54.1,0,,
20200429,58.1,66.9,1.82,rain,
20200430,47.9,81.9,0.43,rain,
20200501,45.7,79.9,0.02,rain,
20200502,57.5,53.3,0,,
20200503,65.2,53.8,0,,
20200504,62.3,49.4,0.05,rain,1014.2
20200505,54.8,73.8,0.42,rain,1008.4
20200506,45.3,75.3,0.13,rain,1013.5
20200507,45.3,54,0,,1017.6
20200508,44.5,74.6,0.14,rain,1013
20200509,39.7,51.2,0,,
20200510,45.6,50.8,0,,1020.8
20200511,43.2,56.6,0.02,rain,
20200512,43.9,51.7,0,,1022.8
20200513,47.5,77.3,0.05,rain,
20200514,59.4,74.4,0.05,rain,
20200515,64.9,62.3,0,,1018
20200516,65.9,64.2,0,,
20200517,64.8,70.8,0,,
20200518,62.5,88,0.27,rain,
20200519,53.9,95.2,2.4,rain,1009.3
20200520,45.5,95.9,1.95,rain,
20200521,52.2,95.3,1.28,rain,
20200522,58.2,89.5,0.37,rain,1017.5
20200523,65.1,78.2,0.02,rain,1015.7
20200524,64.9,85.3,0.18,rain,
20200525,64.3,89.4,0.01,rain,
20200526,62.6,92.1,0.01,rain,
20200527,61.4,92.5,0.73,rain,
20200528,66.4,84.3,0.03,rain,1015.5
20200529,65.9,85.6,0.21,rain,
20200530,66.5,69.9,0,,
20200531,62.5,55.9,0,,1019
20200601,57.9,56.7,0,,
20200602,66.2,61.8,0,,
20200603,72,62.2,0,,1012
20200604,69.7,76.5,0.04,rain,1012.6
20200605,67.5,86,0.18,rain,1011.8
20200606,71,74.6,0,,
20200607,73.4,60.2,0,,
20200608,71.6,68.5,0,,1013.4
20200609,74.4,72.9,0.05,rain,
20200610,71.3,86.9,0.7,rain,
20200611,68.5,75.1,0.02,rain,
20200612,65.1,57.1,0,,
20200613,61.6,68.5,0,,
20200614,58.3,85.1,0.37,rain,
20200615,55.4,89.9,0.09,rain,
20200616,52.5,93.5,0.38,rain,
20200617,57,94.3,0.35,rain,
20200618,60.8,90.6,0.13,rain,
20200619,63.4,83.5,0.06,rain,1017
20200620,66.3,81.3,0.02,rain,
20200621,69,75.2,0.02,rain,
20200622,70.3,70.3,0,,
20200623,67.7,80.8,0.2,rain,1008.4
20200624,67.8,66.9,0,,1012.5
20200625,66,73.5,0.14,rain,1013.5
20200626,67.3,64.3,0,,
20200627,68.2,75.6,0.02,rain,1013.5
20200628,68.6,82.2,0.34,rain,
20200629,70,81.9,0.1,rain,1013.5
20200630,68.8,88.4,0.54,rain,
20200701,69.8,83.6,0.02,rain,
20200702,70.6,75.2,0,,
20200703,70.7,79,0.08,rain,1013.9
20200704,72.1,79.1,0.12,rain,
20200705,70.5,80.1,0.02,rain,
20200706,71.2,75,0,,
20200707,69,86.3,0,,
20200708,70.8,82.6,0,,
20200709,72.5,76.6,0,,
20200710,71.9,79.3,0.1,rain,
20200711,71.3,68,0.01,rain,1011.6
20200712,69.3,69.6,0,,
20200713,71,68.9,0,,1012
20200714,70.7,66.8,0,,
20200715,73.7,71.6,0.02,rain,
20200716,75.4,77.2,0.01,rain,
20200717,74.6,78.6,0.14,rain,
20200718,74.7,77,0.08,rain,
20200719,73.9,77.1,0.06,rain,
20200720,74.6,75,0,,
20200721,74.2,75.1,0.02,rain,
20200722,73.2,76.6,0.06,rain,1018.1
20200723,69.7,89.8,1.42,rain,1019.4
20200724,69.8,84.9,0.36,rain,1020.1
20200725,70.3,78.2,0.01,rain,1019.5
20200726,72.3,76.9,0,,1019.6
20200727,73.7,76,0.03,rain,1017.6
20200728,73.5,76.9,0.03,rain,
20200729,71.8,84,0.54,rain,
20200730,71.4,88.1,0.17,rain,1009.5
20200731,73.8,79.6,0.23,rain,
20200801,72.8,79.4,0.03,rain,
20200802,71.4,78.8,0.13,rain,
20200803,65.1,95.9,0.96,rain,
20200804,67.9,80.3,0.06,rain,
20200805,68.5,83.2,0.08,rain,1015
20200806,69.7,86.9,0.86,rain,1015.6
20200807,69,86.6,0.26,rain,1017.2
20200808,70.4,74.9,0,,
20200809,69.5,70.7,0,,
20200810,70.1,73.2,0,,
20200811,71.4,84.9,0.38,rain,
20200812,69.8,91.3,0.21,rain,
20200813,70.1,88.5,0.05,rain,
20200814,69.6,92.7,0.51,rain,
20200815,68,96.1,0.9,rain,
20200816,68.7,81.9,0,,
20200817,69.4,77.2,0.01,rain,
20200818,67.8,71.1,0,,
20200819,67.6,80.8,0.16,rain,
20200820,66.4,89.5,0.02,rain,
20200821,66,93.3,0.89,rain,
20200822,67.9,86,0.7,rain,1013.2
20200823,68.9,85.6,0.24,rain,
20200824,70.1,82,0,,
20200825,72.4,74.9,0,,
20200826,73.4,75.3,0,,
20200827,72.1,80.8,0,,
20200828,71.9,85.4,0.27,rain,
20200829,71.2,85.3,0.2,rain,1007.6
20200830,70.6,78.4,0,,1009.5
20200831,69.2,92.4,0.21,rain,1010
20200901,71.1,91.7,0.33,rain,
20200902,73.8,81.5,0,,
20200903,73.8,77.9,0,,1012.7
20200904,72.5,72.6,0.02,rain,
20200905,65.5,65,0,,
20200906,61.6,75.1,0,,1021.6
20200907,63.3,80.7,0,,
20200908,64.7,78.3,0,,
20200909,67,91.4,0.09,rain,
20200910,69.6,91.1,0.07,rain,
20200911,70.2,87,0.73,rain,
20200912,67.7,94.6,1.43,rain,
20200913,67.4,91.7,0.11,rain,
20200914,66.3,91.3,0.23,rain,
20200915,60.2,85.1,0,,
20200916,59.1,85.7,0,,1020.2
20200917,61.1,97.7,1.44,rain,1013.6
20200918,61.8,80.8,0,,
20200919,54,84.4,0,,1022.4
20200920,49.3,71.6,0,,1025.1
20200921,50.2,70.2,0,,
20200922,51.9,72.9,0,,
20200923,56.8,73.6,0,,
20200924,55.2,94.9,0.23,rain,
20200925,56,98.7,0.88,rain,
20200926,61.7,88.8,0.01,rain,
20200927,62.6,86.6,0,,1015
20200928,65.9,84.6,0.07,rain,1009.8
20200929,55.5,96.4,0.89,rain,1011.4
20200930,52.6,71.7,0,,1011.8
20201001,57.1,66.2,0,,
20201002,48.9,63.6,0,,
20201003,46.6,79.4,0,,
20201004,49.6,82.2,0,,
20201005,53.2,76.7,0,,
20201006,55.5,81,0,,1020.6
20201007,60.6,71.8,0,,
20201008,63.5,66.1,0,,
20201009,56.8,87.1,0,,
20201010,58.9,96.3,1.05,rain,
20201011,60.1,96,1.29,rain,1008.7
20201012,62.5,92.6,0.07,rain,
20201013,59.8,76.9,0.02,rain,
20201014,55.8,55.1,0,,
20201015,58.4,76.8,0.02,rain,
20201016,51.2,71.8,0.02,rain,
20201017,44,57.5,0,,
20201018,46,73.4,0,,
20201019,52.1,77.3,0,,1022.6
20201020,55.5,78.6,0,,
20201021,59.3,80,0,,1022.1
20201022,60,81.2,0,,
20201023,60.8,83.9,0.03,rain,
20201024,60.1,91.3,0.31,rain,
20201025,58,95.4,0.33,rain,
20201026,58.8,88.7,0,,1016.4
20201027,59.4,83.8,0,,1019.9
20201028,59.9,97.7,0.29,rain,1016.5
20201029,65.9,86.4,2.1,rain,1000.7
20201030,46.3,73.9,0.13,rain,
20201031,40.3,77.6,0,,
20201101,48.1,66.1,0.11,rain,1020.6
20201102,34.4,44.1,0,,1026.4
20201103,41.7,41.1,0,,
20201104,45.1,62,0,,
20201105,46,67.1,0,,
20201106,49.5,68.8,0,,
20201107,51.8,81.9,0,,
20201108,55.4,84.6,0,,
20201109,60.1,80,0,,
20201110,60.6,89.7,0.09,rain,1020.6
20201111,64.8,96.4,2.02,rain,
20201112,59.3,97,0.59,rain,1012
20201113,53.5,71.1,0.02,rain,1017.7
20201114,47.9,66.8,0,,1019.8
20201115,52.1,72.8,0.01,rain,1013.9
20201116,41.6,46.5,0,,1022.8
20201117,39.6,42.8,0,,
20201118,34.2,50.6,0,,
20201119,38.9,56.4,0,,
20201120,44.5,60.1,0,,1032.6
20201121,48.4,66.6,0,,1026.5
20201122,47.3,81.6,0,,
20201123,41.2,70.1,0.07,rain,1024
20201124,37.6,72.2,0,,
20201125,47,82.3,0.05,rain,1014.5
20201126,53.4,78.1,0.02,rain,1016.8
20201127,45.8,72.7,0,,1018.1
20201128,46.4,61.2,0,,
20201129,40.8,81.6,0.1,rain,
20201130,38.4,92.7,0.32,rain,
20201201,25.2,81,0,,
20201202,28.6,63.2,0,,
20201203,35,60.7,0,,1027.2
20201204,43.4,67.5,0.7,rain,
20201205,35.9,81.8,0.02,"rain,snow",
20201206,37.7,74,0,,
20201207,33.2,85,0.04,"rain,snow",
20201208,26.2,67.6,0,,1016.3
20201209,34.3,69.5,0,,
20201210,44.3,63.6,0,,
20201211,42.2,74.2,0,,1017.7
20201212,49.4,73.1,0,,1016
20201213,50.1,74.4,0,,
20201214,38.5,87.1,0.99,rain,
20201215,32,76,0,,
20201216,32.6,93.2,0.42,"rain,snow",1014.9
20201217,33.7,87.3,0,,
20201218,26.6,78.7,0,,
20201219,29.3,82.1,0,,
20201220,39.3,71.4,0,,
20201221,40.8,67.9,0.01,"rain,snow",
20201222,38.2,53.8,0,,1019.4
20201223,36.7,62.1,0,,
20201224,42.5,92.6,1.3,"rain,snow",
20201225,14.8,75.5,0,,
20201226,20,65.7,0,,
20201227,31.2,72.2,0,,
20201228,36.7,86.4,0,,
20201229,38,69.5,0,,
20201230,37.9,78.7,0,,
20201231,49,78.6,0,,
20210101,41.8,96.4,0.53,rain,
20210102,48.8,88.2,0,,
20210103,39.8,88.7,0,,
20210104,35.4,73.2,0,,
20210105,35.9,89.4,0.05,"rain,snow",
20210106,30.5,76.8,0,,
20210107,30.4,83.4,0,,
20210108,31.3,96.2,0.2,"rain,snow",
20210109,26.9,80.8,0,,
20210110,27.2,76,0.04,rain,
20210111,30.2,93.7,0.04,"rain,snow",1026.8
20210112,33.3,87.4,0,,
20210113,35.3,44.9,0,,
20210114,36.6,47,0,,
20210115,31.8,84.2,0,,
20210116,28.3,77,0,,1004.3
20210117,31,71.8,0,,1009
20210118,29.9,78.4,0,,
20210119,34.2,65.2,0,,
20210120,34.2,59,0,,
20210121,35,76.5,0,,
20210122,36.8,63.5,0,,
20210123,29.7,45.4,0,,
20210124,33.8,44.2,0,,
20210125,41.8,97.4,0.26,"rain,snow",1006.7
20210126,49.2,73.5,0.32,rain,
20210127,44.7,69.4,0.2,"rain,snow",
20210128,25,75.1,0.01,"rain,snow",
20210129,22.6,65.2,0,,1030.1
20210130,27.7,74.1,0.07,"rain,snow",
20210131,31.9,96.4,0.37,"rain,snow",
20210201,30.2,89.2,0.1,"rain,snow",
20210202,22.4,77.5,0,,
20210203,23.6,62.5,0,,
20210204,31.2,50.2,0,,
20210205,35.6,66.5,0.05,"rain,snow",
20210206,33.9,54.6,0.01,"rain,snow",
20210207,31.2,86.3,0.1,"rain,snow",
20210208,31.6,75.9,0,,
20210209,41,82.9,0,,
20210210,42.4,86,0,,
20210211,41.4,98.1,0.15,rain,
20210212,32.4,97.9,0.13,"rain,snow",
20210213,35.2,99.2,0.7,"rain,snow",1015.9
20210214,38.5,98.9,0.06,rain,
20210215,36.5,97.5,0.26,"rain,snow",
20210216,28.6,88.6,0.01,"rain,snow",
20210217,26.9,72.6,0,,
20210218,33.5,97,0.73,"rain,snow",
20210219,32.8,87.2,0,,
20210220,25.4,66.2,0,,1029.1
20210221,30.2,60.9,0,,
20210222,38.5,73.3,0.19,"rain,snow",
20210223,42.1,52.5,0,,
20210224,48.8,46.3,0,,
20210225,48.6,41.8,0,,
20210226,38.4,70.5,0.55,"rain,snow",
20210227,46,94.1,0.06,"rain,snow",
20210228,57.8,82.9,0,,1015.1
20210301,48.1,72.8,0.29,rain,1015.1
20210302,34.9,53.9,0,,1021.2
20210303,41,44.1,0,,1016.4
20210304,44.9,41.1,0,,1016.5
20210305,35.7,35.1,0,,1018.7
20210306,35.1,35.6,0,,1020.9
20210307,34.8,32,0,,1025.5
20210308,41.5,19.5,0,,1031.5
20210309,44.8,34.9,0.01,rain,1031.6
20210310,49.6,40.6,0,,1029.9
20210311,54.5,48.2,0,,1028.1
20210312,52.9,76.5,0.01,rain,1027.1
20210313,53.4,55.7,0,,1026.1
20210314,48.5,47.7,0,,1023.1
20210315,45.3,51.5,0.02,rain,1022.9
20210316,42.2,81,0.07,"rain,snow",1018.2
20210317,54.4,79.1,0.17,rain,1017.5
20210318,50.6,92.6,0.82,rain,1008
20210319,43.2,71.2,0.2,rain,1015.9
20210320,37.2,43.8,0,,1029.3
20210321,42.1,48.9,0,,1029.2
20210322,45,56.1,0,,1024.6
20210323,47.1,85.6,0.02,rain,1021.2
20210324,53.3,91.1,0.05,rain,1017.8
20210325,52.1,97.6,1.47,rain,1018.5
20210326,61,56.8,0.24,rain,1017.6
20210327,50.1,77.2,0.63,rain,1021.8
20210328,53.6,83.7,0.57,rain,1013.4
20210329,44,46.9,0,,1021.9
20210330,49.2,60.2,0,,1024.3
20210331,54.4,86.3,0.6,rain,1018.8
20210401,32.2,64.4,0.01,rain,1019.5
20210402,29.9,42.3,0,,1026
20210403,39.7,32.1,0,,1028.1
20210404,49.9,33.1,0,,1024.9
20210405,54.3,42.2,0,,1021.5
20210406,54.7,53.3,0,,1019.8
20210407,59.1,52.9,0,,1018.1
20210408,58.5,63.8,0.05,rain,1014
20210409,59.8,67.4,0.06,rain,1015.7
20210410,56.5,92.6,1.48,rain,1011
20210411,56,61.9,0.01,rain,1003.8
20210412,56.8,40.4,0,,1008.8
20210413,56.1,51.7,0,,1019.4
20210414,58.2,61.7,0.04,rain,1017.8
20210415,50.1,65.1,0.02,rain,1012
20210416,45.6,51,0,,1012.4
20210417,46.4,62,0,,1011.8
20210418,50.8,54.4,0,,1012.7
20210419,49.1,65.2,0.08,rain,1013.4
20210420,51.7,59.8,0,,1015.8
20210421,42.5,63.7,0,,1013.6
20210422,36.6,52.4,0,,1019
20210423,42.2,53.3,0,,1021.2
20210424,44.7,83.3,0.53,rain,1013.7
20210425,50.3,74.1,0.04,rain,1012.8
20210426,56.6,49.6,0,,1020.5
20210427,63.2,57,0,,1021.1
20210428,65.6,66.8,0,,1020.1
20210429,67.1,66.3,0.03,rain,1014.9
20210430,58.2,57.2,0.17,rain,1014.7
20210501,55.5,32.5,0,,1019
20210502,58,55.9,0,,1016.7
20210503,63.3,84.2,0.08,rain,1012.1
20210504,64.7,82.9,0.19,rain,1013.5
20210505,59.2,82.3,0.1,rain,1013.7
20210506,50.6,57.1,0,,1017.6
20210507,47.6,62.1,0.02,rain,1014.9
20210508,52.7,52.5,0,,1017
20210509,58.2,58.2,0.29,rain,1016.7
20210510,59.2,77.7,0.04,rain,1015.6
20210511,54,71.6,0,,1020.4
20210512,45.9,77.2,0.2,rain,1023.8
20210513,48.1,62.9,0.01,rain,1025.1
20210514,50.3,63.1,0.02,rain,1025.6
20210515,53,60.1,0,,1025.6
20210516,55.5,69.3,0,,1025.1
20210517,58.2,78.5,0,,1025.7
20210518,60.8,76.5,0,,1028
20210519,63.3,69.9,0,,1029.4
20210520,63.3,62.4,0,,1031.2
20210521,64.8,63.3,0,,1033.3
20210522,65.7,62.7,0,,1031.1
20210523,68.5,59.5,0,,1026.1
20210524,69.2,61.6,0,,1024.9
20210525,69.2,77.6,0.19,rain,1025.5
20210526,69.6,72.7,0.05,rain,1023.5
20210527,68.7,69.9,0.24,rain,1020.6
20210528,66.8,85.3,0.37,rain,1014.6
20210529,59.2,85.5,0.06,rain,1012.7
20210530,51.3,78.5,0,,1021.1
20210531,56.2,75.8,0,,1026.9
20210601,60.9,75,0,,1026.1
20210602,62.6,75,0,,1022.6
20210603,65.2,77.5,0.03,rain,1019.5
20210604,67.6,70.8,0.06,rain,1019.9
20210605,67.7,71.2,0,,1021.6
20210606,70.5,77.5,0.18,rain,1022.4
20210607,69.7,86.3,0.08,rain,1022.8
20210608,69.5,85.1,0.23,rain,1023.5
20210609,68.8,88.5,0.2,rain,1022.3
20210610,69.4,90.3,0.77,rain,1018.2
20210611,68.3,92.2,0.56,rain,1014
20210612,69.1,89.3,0.42,rain,1012.8
20210613,69.5,85.4,0.18,rain,1015.9
20210614,71.3,72.5,0.11,rain,1015.6
20210615,67.9,61.2,0,,1015.6
20210616,64.3,60.1,0,,1018.4
20210617,62.3,56.2,0,,1020.4
20210618,66.9,64.6,0,,1021.2
20210619,71.6,64.7,0,,1018.8
20210620,70.7,81.4,0,,1014.6
20210621,75.1,72.3,0.21,rain,1012.8
20210622,66,76.3,0.84,rain,1014
20210623,63.5,71.3,0,,1022.6
20210624,66.5,70.9,0,,1026
20210625,67.3,66.6,0,,1025.4
20210626,70.2,67,0,,1024.3
20210627,72.7,75,0.06,rain,1024.6
20210628,74.4,74.1,0.01,rain,1026.2
20210629,72.7,79,0.04,rain,1027.1
20210630,73,73.6,0,,1024.6
20210701,69.9,84.8,0.89,rain,1018.9
20210702,66.5,76.9,1.16,rain,1014.6
20210703,61.3,69.3,0,,1016.7
20210704,65.2,69.3,0,,1018.8
20210705,69.8,74.4,0,,1021.7
20210706,70.4,71.3,0,,1023.4
20210707,68.9,76.4,0,,1021.7
20210708,67.7,91.5,0.46,rain,1018.1
20210709,71.3,81.2,0.01,rain,1019.5
20210710,72,77.3,0.08,rain,1020.9
20210711,69.9,83.6,0.09,rain,1020.2
20210712,71.3,81.8,0.04,rain,1024
20210713,68.6,82.8,0.13,rain,1027.1
20210714,70.2,79.8,0.02,rain,1027.5
20210715,70.6,76.4,0,,1025.4
20210716,71.7,75.9,0,,1023.4
20210717,70.6,82.1,0.18,rain,1023.3
20210718,68.9,88,0.36,rain,1023.4
20210719,67.2,91.7,0.05,rain,1021.3
20210720,65.5,85.9,0,,1019.8
20210721,67.7,77.5,0,,1020.4
20210722,69.2,73.9,0,,1023.7
20210723,68.4,80.2,0,,1023.9
20210724,72,78.1,0,,1021.9
20210725,73.1,77.7,0,,1020
20210726,73.4,86.4,0.07,rain,1019.3
20210727,72.7,85.6,0.65,rain,1020.2
20210728,72.9,69.4,0,,1020.7
20210729,72.1,68.3,0,,1020.5
20210730,75.6,65.9,0,,1018.2
20210731,70.4,74.7,0,,1018.9
20210801,69.8,79.6,0.18,rain,1016.2
20210802,66.1,74.4,0,,1019.9
20210803,65,83.1,0.01,rain,1019.8
20210804,65.7,76.3,0,,1020.5
20210805,66.9,73.7,0,,1023.4
20210806,67.3,71.4,0,,1024.2
20210807,66.4,82.1,0.24,rain,1022
20210808,67.6,79.2,0,,1022.5
20210809,70.8,77,0,,1024.4
20210810,73,79.4,0.09,rain,1025.4
20210811,73.2,82.2,0.02,rain,1024.6
20210812,71.7,82.5,0.08,rain,1024.5
20210813,73.3,79.3,0,,1024.4
20210814,72.9,78.9,0.01,rain,1024
20210815,69.9,86,0.19,rain,1023
20210816,69.9,90.8,0.84,rain,1021.9
20210817,67.6,96.8,3.4,rain,1019.9
20210818,71.1,84.5,0.06,rain,1022.4
20210819,70.6,83.3,0.01,rain,1022.7
20210820,71.7,80.9,0.28,rain,1017.9
20210821,69.6,82.1,0,,1016.6
20210822,71.1,77.7,0,,1017.3
20210823,72,75.9,0,,1019.3
20210824,72.7,79.8,0,,1021.7
20210825,72.6,81.9,0.02,rain,1024
20210826,72.2,82.8,0,,1024.7
20210827,72.6,80.7,0.08,rain,1024.8
20210828,72.7,79.5,0,,1026.2
20210829,72.9,77.8,0,,1025.1
20210830,73,79.7,0,,1020.2
20210831,68.7,92.7,0.48,rain,1013.4
20210901,67.5,92.7,1.06,rain,1007.7
20210902,64.8,71.5,0,,1017.1
20210903,61.9,77.1,0,,1021.1
20210904,64.5,80,0,,1020.3
20210905,66,80.6,0,,1017.1
20210906,67.8,75.3,0.09,rain,1017.6
20210907,65.9,76.9,0,,1018.9
20210908,69.9,80.9,0,,1015.3
20210909,64.7,72.4,0.19,rain,1014.7
20210910,60.7,68.5,0,,1021
20210911,60.7,75,0,,1025.5
20210912,66.8,74.1,0,,1027.6
20210913,68.8,76.9,0,,1026
20210914,67.8,80.9,0,,1021.7
20210915,68,81.5,0,,1019.5
20210916,66.3,81.7,0.06,rain,1021.5
20210917,66.5,83.8,0,,1024
20210918,65.4,84.8,0.15,rain,1023.7
20210919,65.8,82.5,0.01,rain,1023.7
20210920,66,82,0.03,rain,1024.3
20210921,62.4,93.4,0.97,rain,1022.9
20210922,60.8,91.7,0.44,rain,1015.9
20210923,52.6,66.8,0,,1016.2
20210924,52.1,65.5,0,,1021.1
20210925,52.5,74.3,0,,1020.5
20210926,56.6,62.7,0,,1021.6
20210927,57.5,68.5,0,,1021.9
20210928,63.4,67.4,0,,1019.6
20210929,64.7,70.1,0,,1020.1
20210930,62.8,71.4,0,,1022.8
20211001,58.6,79,0,,1025.6
20211002,60.9,82.1,0.12,rain,1025
20211003,62.8,87.7,0.51,rain,1020.5
20211004,62.5,88.7,1.09,rain,1018.1
20211005,63.4,91.5,0.24,rain,1022.4
20211006,64.9,90.7,0.55,rain,1025.6
20211007,62,93.8,1.38,rain,1024.9
20211008,60.8,96,0.45,rain,1021.6
20211009,61.1,92.3,0.44,rain,1020.3
20211010,61.6,82.4,0.02,rain,1019.7
20211011,62.2,81.6,0,,1019.1
20211012,61.9,76.1,0,,1020.8
20211013,63.5,76.9,0,,1020.5
20211014,63.8,79.9,0,,1019.6
20211015,65,74.6,0,,1017.8
20211016,57,71.2,0.06,rain,1014.5
20211017,47.2,48.5,0,,1020.1
20211018,50.4,50.3,0,,1022.3
20211019,52.8,52.4,0,,1024.4
20211020,55.2,46.7,0,,1025.2
20211021,55.9,76.5,0.07,rain,1020.8
20211022,55.1,76.1,0.05,rain,1017
20211023,52.8,61.2,0,,1018.8
20211024,55.5,68,0,,1020.4
20211025,58.6,71.6,0.21,rain,1012.8
20211026,47.7,73.4,0,,1011.7
20211027,45.9,69.1,0,,1013.4
20211028,50.3,79.7,0.57,rain,1008.1
20211029,51.5,86.2,0.66,rain,999.4
20211030,47.3,85.5,0.13,rain,1002
20211031,49.9,77.2,0.02,rain,1012
20211101,49.9,66.5,0,,1022.6
20211102,43.1,80.6,0,,1023.9
20211103,39.6,66,0,,1024.7
20211104,38.3,76.5,0,,1023.6
20211105,37.5,72.6,0,,1025.2
20211106,38.4,57.9,0,,1024.1
20211107,43.5,43.2,0,,1022.1
20211108,47.5,48.6,0,,1025.7
20211109,51.7,45.9,0,,1025.5
20211110,55.1,41.7,0,,1022.6
20211111,51.1,73.2,0.53,rain,1018.5
20211112,49.3,58.8,0.38,rain,1016.4
20211113,37.3,65.3,0.01,rain,1014.5
20211114,37.5,54.8,0,,1014.1
20211115,36.9,48.6,0,,1017.9
20211116,44,62.9,0,,1022.1
20211117,51.1,73,0,,1023.9
20211118,48.5,71.5,0.07,rain,1023.4
20211119,33.8,55.4,0,,1028.5
20211120,32.7,57.1,0,,1029.3
20211121,38,58.8,0.02,rain,1022.9
20211122,40.3,63.9,0.11,rain,1015.3
20211123,29,46.6,0,,1021.1
20211124,34.1,45.3,0,,1026.1
20211125,43.7,46.7,0.06,rain,1021
20211126,35.1,61.7,0.03,rain,1015.1
20211127,34.1,41.5,0,,1016.7
20211128,39.5,42.2,0,,1013.7
20211129,31.3,48.5,0,,1016.6
20211130,38.4,49.2,0,,1018.8
20211201,42.5,63.8,0,,1020.5
20211202,51.5,54.1,0,,1016.2
20211203,53.3,47.9,0,,1018.1
20211204,51.9,65.1,0,,1020.4
20211205,49.3,61,0,,1022.2
20211206,50.6,68.7,0.06,rain,1015.8
20211207,34.2,47.7,0,,1019.3
20211208,38,55.6,0,,1014.7
20211209,34.5,60.1,0,,1019.3
20211210,45.6,74.8,0,,1018.2
20211211,53.6,81.4,0.33,rain,1013.5
20211212,34,55,0,,1023.9
20211213,36.9,48.9,0,,1028.1
20211214,40.5,40.7,0,,1031
20211215,41.4,45.4,0,,1030.1
20211216,48.4,63.4,0,,1023.6
20211217,53.2,83.2,0,,1022.8
20211218,51.4,93.6,0.1,rain,1018
20211219,40.4,79.7,0.02,rain,1018.7
20211220,30.1,74.4,0,,1022.9
20211221,35.4,67.9,0,,1014.5
20211222,35.7,57.7,0,,1012
20211223,36.2,45.9,0,,1020.7
20211224,42.6,49,0,,1017.6
20211225,52.5,66.8,0,,1011.1
20211226,54.9,65.6,0,,1016.6
20211227,52,70.1,0,,1014.6
20211228,59.6,70.8,0,,1012.2
20211229,58.4,82.8,0.2,rain,1012.3
20211230,54.1,89.1,0.1,rain,1013.3
20211231,53.2,71.2,0,,1015
20220101,60.1,74.5,0,,1010.4
20220102,55.1,81.1,0.66,rain,1010
20220103,31.7,82.6,0.7,"rain,snow",1016.3
20220104,26.4,73.4,0.03,"rain,snow",1024.1
20220105,36.3,62.5,0,,1014.4
20220106,36.5,63.6,0.05,"rain,snow",1011.5
20220107,18.8,69.1,0,,1018.4
20220108,24.5,56.3,0,,1029.1
20220109,43.2,75.8,0.24,rain,1024.1
20220110,29.6,37.6,0,,1024.4
20220111,26.7,37.3,0,,1028.7
20220112,33.3,46.4,0,,1023.4
20220113,36.2,56.7,0,"rain,snow",1012.9
20220114,35.7,67.1,0,snow,1012.7
20220115,30.3,73.3,0,snow,1017.7
20220116,25.2,82.9,0.46,"rain,freezingrain,snow,ice",1005.7
20220117,23.9,80.4,0.01,snow,1000.9
20220118,26.7,71.5,0,snow,1017.6
20220119,34.3,64.7,0,rain,1019.1
20220120,33.2,82,0.02,"rain,snow",1019
20220121,23.1,77.9,0,snow,1023.6
20220122,26.2,55.8,0,snow,1022.5
20220123,29.9,49.1,0,snow,1013.3
20220124,33.1,55.9,0,snow,1010.1
20220125,39.2,58.2,0,"rain,freezingrain",1014.1
20220126,27.7,56.7,0,"freezingrain,snow",1022.9
20220127,26.4,55.6,0,,1023.7
20220128,30.1,66.9,0.01,snow,1014.7
20220129,18.4,47.2,0,snow,1013.5
20220130,26,41.4,0,,1013.8
20220131,31.5,57.8,0,,1018.7
20220201,31.7,62.9,0,,1025.3
20220202,34.6,66.6,0.08,rain,1024.3
20220203,45.9,95.3,1.39,rain,1019.2
20220204,43.3,92,0.36,"rain,freezingrain,snow",1015.8
20220205,24.9,61.7,0,snow,1024.5
20220206,26,57.2,0,,1026.4
20220207,31.6,60.7,0,snow,1020.5
20220208,32.5,57.2,0,"freezingrain,snow",1018.8
20220209,36.5,54.2,0,,1015.7
20220210,40.9,39.8,0,,1015.3
20220211,43.6,40.1,0,,1015.3
20220212,44.8,47.8,0,rain,1017.4
20220213,31.5,58.3,0,"rain,snow",1016.8
20220214,28.3,42.4,0,snow,1020.5
20220215,33.2,44.1,0,,1030.8
20220216,38.8,70.1,0,,1030.9
20220217,50.5,88.7,0.82,rain,1018.9
20220218,37.8,73.6,0.57,"rain,freezingrain,snow,ice",1014.7
20220219,30.6,43.7,0,,1021.5
20220220,33.5,35.5,0,,1026.7
20220221,43,49.8,0,,1025.5
20220222,51,91.6,0.27,rain,1023.1
20220223,54.3,77.2,0.59,rain,1023.1
20220224,50.6,95.1,0.89,rain,1022.9
20220225,48,74.1,0.15,rain,1022
20220226,37.6,67.2,0.08,"rain,freezingrain,snow",1027
20220227,36.8,67.8,0.09,"rain,snow,ice",1021.6
20220228,39.3,44.4,0,,1021.2
20220301,42.7,42.2,0,,1020
20220302,46.6,45.6,0,,1019.3
20220303,52.9,43.2,0,,1020.6
20220304,47.5,57.9,0,,1027.1
20220305,53.1,51.6,0,,1026.9
20220306,60.6,60.6,0,,1023.9
20220307,57.4,71.3,0.37,rain,1016.4
20220308,45.7,66.5,0.16,rain,1017.9
20220309,43.4,89.5,0.51,rain,1013
20220310,40,79,0,rain,1017.2
20220311,46.7,75.2,0.03,rain,1014.5
20220312,25.8,67.4,0.15,"rain,snow,ice",1007.4
20220313,27.3,40.7,0,,1023.9
20220314,43.3,35.3,0,,1028.4
20220315,45.5,46.9,0,,1025.7
20220316,45.6,82.1,0.08,rain,1020.1
20220317,51.3,77.6,0,rain,1016
20220318,49.5,76.3,0.01,rain,1016.3
20220319,53.1,69.1,0,rain,1012.5
20220320,44.7,45.1,0,"rain,snow",1019
20220321,50.4,33,0,,1024.6
20220322,54.5,37.1,0,,1020.3
20220323,56.9,82.4,1.95,rain,1011.6
20220324,51.8,53.9,0,rain,1011.1
20220325,43.2,46.4,0,"rain,snow",1009.5
20220326,39.7,39.7,0,snow,1007.1
20220327,35,33.3,0,snow,1011.9
20220328,36,26.6,0,,1016.4
20220329,40.5,24.4,0,snow,1021.1
20220330,50,55.3,0,rain,1017
20220331,59.4,70.3,1.04,rain,1004.8
20220401,42.7,51.6,0,"rain,snow",1012.4
20220402,44.3,46.3,0,,1017.2
20220403,47.9,32.9,0,,1014
20220404,46.9,39.5,0,,1016.3
20220405,51.2,61.3,0.48,rain,1010.7
20220406,60.6,65,0.07,rain,1006.7
20220407,53.2,60.6,0.18,rain,1005.3
20220408,39.7,56.4,0.01,"rain,snow",1006.9
20220409,33.5,67.9,0,snow,1009.7
20220410,41.5,45.2,0,,1016.8
20220411,53.7,41,0,,1019.4
20220412,57.5,62.3,0,rain,1021.2
20220413,61.6,60.9,0,,1018.1
20220414,57.4,58.6,0,rain,1016.2
20220415,53.8,21.6,0,,1021.8
20220416,56.3,55.3,0.09,rain,1018.4
20220417,56.9,45.7,0,rain,1018.1
20220418,43.2,83.5,0.55,"rain,snow",1015.8
20220419,38.7,46.6,0,snow,1018.6
20220420,46,43.7,0,,1027.1
20220421,55.9,55.1,0,,1029.4
20220422,60.9,60.5,0,rain,1030.2
20220423,64.5,54.5,0,,1026.3
20220424,64.9,50.1,0,,1023.5
20220425,64.8,53.3,0,rain,1021.8
20220426,56,72.9,0.06,rain,1020.2
20220427,49.8,38.4,0,,1022.9
20220428,53,38.2,0,,1022.4
20220429,55.6,45.9,0,rain,1021.3
20220430,59.9,58.5,0,rain,1019.7
20220501,60.9,71.9,0.32,rain,1018.5
20220502,63,54.8,0,rain,1019.9
20220503,63.5,61.5,0.1,rain,1018.6
20220504,66.2,62.8,0.02,rain,1017.8
20220505,62.9,64.8,0,rain,1018.5
20220506,60.9,83.5,0.38,rain,1009.2
20220507,53.5,82.6,0.05,rain,1005
20220508,49.3,78.4,0.03,rain,1014.5
20220509,54,61.9,0,,1021.7
20220510,58.1,50.4,0,,1025.3
20220511,60.3,50.5,0,,1024.2
20220512,60.3,62.7,0.02,rain,1022.8
20220513,61,83.1,0.26,rain,1020.5
20220514,61.8,81.6,0.36,rain,1018.1
20220515,63,73.5,0,rain,1016.1
20220516,63.1,66,0.02,rain,1013.2
20220517,60.7,49.1,0,,1018.3
20220518,63.9,54.2,0,,1017.8
20220519,70.1,60.2,0,rain,1013.3
20220520,71,60.1,0,,1016.1
20220521,70.2,61.4,0.1,rain,1022.5
20220522,66.9,76.6,0.92,rain,1023.8
20220523,61.8,96.2,2.15,rain,1021.9
20220524,60.3,87.5,0.08,rain,1021.2
20220525,58.8,89.7,0.02,rain,1024.6
20220526,60.1,93.3,1.14,rain,1021.3
20220527,61.6,80.2,0.82,rain,1013.7
20220528,59.5,68.7,0,rain,1015.7
20220529,63.7,69.5,0,,1019.7
20220530,67.1,71.6,0,rain,1022.9
20220531,69.3,65.3,0,rain,1023
20220601,70.2,65.3,0,rain,1019.9
20220602,69.9,67,0.04,rain,1014.9
20220603,64.8,64.9,0,rain,1014.7
20220604,61.1,63.2,0,,1016.4
20220605,60.6,61.8,0,,1016.2
20220606,62.2,67.1,0,rain,1018.1
20220607,66.5,69.9,0.01,rain,1017.3
20220608,68.4,81,0.18,rain,1016.2
20220609,68.5,61,0.02,rain,1014.4
20220610,63.1,58.3,0,rain,1016.7
20220611,64.5,66,0,rain,1015.9
20220612,70.6,62.7,0,,1017.1
20220613,75.2,65.1,0,,1020.1
20220614,73.6,74.3,0.49,rain,1021.2
20220615,80.5,72.6,0.02,rain,1020.8
20220616,79.6,74.6,0.01,rain,1021.5
20220617,74.2,79.1,0.32,rain,1019
20220618,68.4,60.8,0,rain,1017.8
20220619,62.8,46.3,0,rain,1023.5
20220620,63.2,52.7,0,,1026.1
20220621,69.3,52.8,0,,1025.8
20220622,75.7,53.1,0,,1021
20220623,75.3,59.8,0,rain,1016.3
20220624,71.1,73.7,0,rain,1019.8
20220625,71.1,80.8,0.22,rain,1022.8
20220626,69.3,87.4,0.22,rain,1023.5
20220627,70.3,76,0.01,rain,1022
20220628,65.3,70.3,0,rain,1024.9
20220629,70.4,75.1,0,rain,1026.3
20220630,72,75.3,0,,1026.2
20220701,72.9,74.6,0,rain,1023.2
20220702,72.3,80,0.38,rain,1020.4
20220703,71.3,86.5,0.09,rain,1021.6
20220704,73.5,79.8,0,rain,1024.1
20220705,73.3,82.1,0.25,rain,1022.2
20220706,73.2,79.1,0.23,rain,1019.8
20220707,75.5,77,0.13,rain,1019
20220708,74.2,77.4,0.07,rain,1019.8
20220709,70.8,84.7,0.06,rain,1018.9
20220710,66.1,94.7,0.71,rain,1018.3
20220711,68.3,84.3,0.02,rain,1017.9
20220712,73.1,78.1,0,rain,1017.1
20220713,71.9,74.3,0.14,rain,1019
20220714,70.5,75.1,0.02,rain,1022
20220715,70.6,74.1,0,rain,1023.5
20220716,71.6,73.4,0,,1022.1
20220717,71.5,77,0.05,rain,1020.8
20220718,72.3,80.2,0.72,rain,1018.2
20220719,71.2,76.4,0.28,rain,1018.1
20220720,72.5,81.3,0.04,rain,1016.5
20220721,73.6,76.6,0.07,rain,1015.6
20220722,74.6,71.4,0,rain,1020.8
20220723,72.1,77.2,0.67,rain,1023.8
20220724,71.1,80.4,0.1,rain,1023.4
20220725,70.8,88.6,0.62,rain,1021.8
20220726,73,83.4,0.11,rain,1022.1
20220727,74.8,78.2,0,rain,1021.2
20220728,73.7,78.2,0.33,rain,1020
20220729,71.8,82.6,0.25,rain,1020.4
20220730,71.3,82.5,0.22,rain,1024.2
20220731,70.6,90.3,0.15,rain,1024.1
20220801,71.5,82.7,0.14,rain,1021.9
20220802,73.4,73.8,0,rain,1020.7
20220803,74.3,76.7,0.11,rain,1021.5
20220804,71.5,81.1,0.03,rain,1023.3
20220805,70,86.6,0.88,rain,1025.4
20220806,70,87.1,0.05,rain,1027.1
20220807,70.4,82.2,0,rain,1026.4
20220808,71.6,82.4,0,rain,1023.5
20220809,71.8,83.3,0.01,rain,1022.8
20220810,70.7,82.5,0.14,rain,1023.8
20220811,69.1,83.4,0.09,rain,1021.1
20220812,67.6,80.4,0,rain,1020.3
20220813,64.3,77.9,0,rain,1022.3
20220814,66.1,84.1,0.08,rain,1019.6
20220815,67.1,88.4,0.41,rain,1015
20220816,63.3,96.4,0.09,rain,1016.6
20220817,64.2,88.6,0.33,rain,1018.3
20220818,66,83.3,0.17,rain,1018.7
20220819,66.1,88.3,0.15,rain,1020.8
20220820,67.3,84.2,0.03,rain,1023.3
20220821,69.2,86.4,0.1,rain,1020.9
20220822,69.6,80.4,0.05,rain,1017.9
20220823,68,75.6,0,rain,1018.1
20220824,67.6,79,0,rain,1020.5
20220825,70.1,83.7,0,rain,1021.6
20220826,68.5,85.6,0,rain,1020.7
20220827,69.1,81.7,0,rain,1020.3
20220828,69.7,83.7,0,rain,1021.6
20220829,71.3,83.1,0.01,rain,1022.3
20220830,70.4,85,0.3,rain,1018.5
20220831,68.3,69.9,0,rain,1019.1