datetime,precip,level,gauge_ht
20161104,0.07,33.80,1.37
20161105,0.00,30.00,1.33
20161106,0.00,28.40,1.32
20161107,0.00,27.70,1.31
20161108,0.00,27.40,1.31
20161109,0.00,27.30,1.31
20161110,0.00,27.10,1.31
20161111,0.00,26.40,1.30
20161112,0.00,26.20,1.30
20161113,0.00,26.10,1.30
20161114,0.00,26.40,1.30
20161115,0.00,25.80,1.30
20161116,0.00,26.00,1.30
20161117,0.00,26.20,1.30
20161118,0.00,26.20,1.30
20161119,0.01,25.60,1.30
20161120,0.00,24.40,1.28
20161121,0.00,23.80,1.28
20161122,0.00,23.80,1.28
20161123,0.00,24.00,1.28
20161124,0.07,25.90,1.30
20161125,0.00,26.20,1.30
20161126,0.00,25.20,1.29
20161127,0.00,24.70,1.29
20161128,0.01,24.80,1.29
20161129,0.86,137.00,1.84
20161130,0.80,120.00,1.84
20161201,0.00,141.00,1.93
20161202,0.00,63.20,1.57
20161203,0.00,47.60,1.47
20161204,0.73,71.20,1.59
20161205,0.19,128.00,1.89
20161206,0.34,179.00,2.07
20161207,0.00,166.00,2.04
20161208,0.00,98.50,1.75
20161209,0.00,74.30,1.63
20161210,0.00,62.50,1.58
20161211,0.00,57.30,1.57
20161212,0.50,75.40,1.63
20161213,0.06,74.90,1.63
20161214,0.01,64.60,1.58
20161215,0.01,56.60,1.53
20161216,0.00,51.10,1.58
20161217,0.01,51.10,1.52
20161218,0.20,54.00,1.51
20161219,0.00,52.00,1.50
20161220,0.00,47.60,1.47
20161221,0.00,45.40,1.46
20161222,0.00,45.10,1.45
20161223,0.00,42.60,1.44
20161224,0.30,50.10,1.49
20161225,0.08,56.40,1.53
20161226,0.01,53.90,1.51
20161227,0.21,55.10,1.52
20161228,0.00,53.80,1.51
20161229,0.50,85.70,1.69
20161230,0.00,75.40,1.64
20161231,0.00,62.40,1.56
20170101,0.04,58.80,1.54
20170102,0.18,77.00,1.64
20170103,0.32,122.00,1.86
20170104,0.10,139.00,1.94
20170105,0.00,111.00,1.82
20170106,,94.80,1.74
20170107,,89.10,1.71
20170108,,64.40,2.03
20170109,,69.50,1.99
20170110,,76.40,1.71
20170111,,86.30,1.69
20170112,0.00,109.00,1.80
20170113,0.04,99.40,1.76
20170114,0.05,92.30,1.72
20170115,0.20,110.00,1.81
20170116,0.00,103.00,1.78
20170117,0.02,93.90,1.73
20170118,0.22,102.00,1.77
20170119,0.00,91.20,1.72
20170120,0.25,98.50,1.75
20170121,0.02,94.30,1.73
20170122,0.36,91.40,1.72
20170123,1.26,686.00,3.47
20170124,0.21,588.00,3.32
20170125,0.00,367.00,2.73
20170126,0.08,256.00,2.38
20170127,0.00,193.00,2.15
20170128,0.00,160.00,2.02
20170129,,140.00,1.94
20170130,,130.00,1.90
20170131,,118.00,1.84
20170201,0.00,113.00,1.82
20170202,0.00,105.00,1.78
20170203,0.00,97.20,1.75
20170204,0.00,87.90,1.70
20170205,0.00,86.40,1.69
20170206,0.00,83.30,1.68
20170207,0.00,81.40,1.67
20170208,0.42,79.60,1.66
20170209,0.23,128.00,1.89
20170210,0.02,98.20,1.75
20170211,0.00,91.70,1.72
20170212,0.27,94.00,1.73
20170213,0.00,93.30,1.73
20170214,0.03,86.10,1.69
20170215,0.38,111.00,1.81
20170216,0.00,104.00,1.78
20170217,0.00,92.70,1.73
20170218,0.00,88.80,1.71
20170219,0.00,86.50,1.69
20170220,0.00,81.90,1.67
20170221,0.00,78.00,1.65
20170222,0.22,89.00,1.71
20170223,0.01,91.20,1.72
20170224,0.00,83.30,1.68
20170225,0.33,90.20,1.71
20170226,0.00,82.10,1.67
20170227,0.00,77.40,1.65
20170228,0.13,78.20,1.65
20170301,0.74,110.00,1.80
20170302,0.00,157.00,2.01
20170303,0.00,123.00,1.87
20170304,0.00,107.00,1.80
20170305,0.00,98.60,1.75
20170306,0.00,92.80,1.73
20170307,0.07,89.90,1.71
20170308,0.02,89.30,1.71
20170309,0.00,80.60,1.66
20170310,0.40,97.30,1.75
20170311,0.00,85.40,1.69
20170312,0.01,79.70,1.66
20170313,0.05,77.60,1.65
20170314,,87.80,1.70
20170315,,80.10,1.66
20170316,,81.90,1.64
20170317,0.52,75.40,1.64
20170318,0.47,209.00,2.20
20170319,0.00,175.00,2.09
20170320,0.00,144.00,1.96
20170321,0.04,130.00,1.91
20170322,0.00,112.00,1.84
20170323,0.00,98.60,1.77
20170324,0.00,92.10,1.74
20170325,0.00,88.20,1.72
20170326,0.14,96.50,1.76
20170327,0.04,100.00,1.78
20170328,0.23,148.00,1.99
20170329,0.00,107.00,1.82
20170330,0.19,96.60,1.77
20170331,1.50,1580.00,4.97
20170401,0.00,658.00,3.35
20170402,0.00,382.00,2.71
20170403,0.63,460.00,2.86
20170404,0.01,502.00,3.00
20170405,0.03,355.00,2.64
20170406,0.08,341.00,2.60
20170407,0.01,279.00,2.43
20170408,0.00,222.00,2.25
20170409,0.00,191.00,2.15
20170410,0.00,170.00,2.07
20170411,0.00,154.00,2.02
20170412,0.00,142.00,1.97
20170413,0.00,130.00,1.92
20170414,0.00,122.00,1.88
20170415,0.00,120.00,1.88
20170416,0.00,117.00,1.86
20170417,0.03,109.00,1.83
20170418,0.06,105.00,1.81
20170419,0.03,103.00,1.80
20170420,0.00,102.00,1.79
20170421,0.22,99.70,1.78
20170422,0.84,160.00,2.04
20170423,1.38,478.00,2.89
20170424,0.40,1740.00,5.34
20170425,0.00,835.00,3.71
20170426,0.00,537.00,3.09
20170427,0.00,395.00,2.75
20170428,0.00,314.00,2.53
20170429,0.00,253.00,2.35
20170430,0.00,217.00,2.24
20170501,0.17,640.00,3.19
20170502,0.00,492.00,2.97
20170503,0.00,315.00,2.53
20170504,1.46,289.00,2.45
20170505,0.50,1400.00,4.73
20170506,0.10,758.00,3.56
20170507,0.00,523.00,3.06
20170508,0.00,395.00,2.75
20170509,0.66,409.00,2.78
20170510,0.00,326.00,2.56
20170511,0.28,275.00,2.42
20170512,0.85,338.00,2.57
20170513,0.14,497.00,3.00
20170514,0.00,370.00,2.68
20170515,0.00,295.00,2.47
20170516,0.00,245.00,2.32
20170517,0.00,210.00,2.21
20170518,0.19,218.00,2.22
20170519,0.01,320.00,2.53
20170520,0.05,217.00,2.24
20170521,1.20,563.00,3.10
20170522,0.03,661.00,3.36
20170523,0.90,819.00,3.64
20170524,0.30,1330.00,4.61
20170525,0.10,1150.00,4.29
20170526,0.00,734.00,3.51
20170527,1.20,536.00,3.09
20170528,0.12,654.00,3.34
20170529,0.00,461.00,2.91
20170530,0.00,361.00,2.66
20170531,0.00,291.00,2.46
20170601,0.00,247.00,2.33
20170602,0.00,217.00,2.24
20170603,0.00,193.00,2.15
20170604,0.18,196.00,2.17
20170605,0.31,207.00,2.20
20170606,0.00,183.00,2.12
20170607,0.00,155.00,2.02
20170608,0.03,148.00,1.99
20170609,0.00,147.00,1.99
20170610,0.00,131.00,1.92
20170611,0.00,123.00,1.89
20170612,0.03,118.00,1.86
20170613,0.02,116.00,1.85
20170614,0.01,116.00,1.86
20170615,0.85,148.00,1.96
20170616,1.53,157.00,2.03
20170617,0.77,163.00,2.04
20170618,0.00,165.00,2.05
20170619,0.04,123.00,1.89
20170620,0.00,111.00,1.83
20170621,0.00,102.00,1.79
20170622,0.48,116.00,1.85
20170623,0.31,139.00,1.96
20170624,0.00,125.00,1.90
20170625,0.00,105.00,1.80
20170626,0.00,94.80,1.76
20170627,0.00,89.00,1.73
20170628,0.00,84.20,1.70
20170629,0.00,80.50,1.68
20170630,0.19,87.20,1.72
20170701,0.03,91.50,1.74
20170702,0.00,81.00,1.69
20170703,0.12,92.00,1.74
20170704,0.26,98.40,1.77
20170705,0.12,116.00,1.86
20170706,0.08,90.90,1.74
20170707,0.84,146.00,1.97
20170708,0.13,113.00,1.84
20170709,0.00,92.20,1.74
20170710,0.00,79.60,1.68
20170711,0.00,72.60,1.64
20170712,0.00,73.90,1.65
20170713,0.22,78.30,1.67
20170714,0.03,82.60,1.69
20170715,0.00,74.10,1.65
20170716,0.00,67.80,1.61
20170717,0.00,63.70,1.59
20170718,0.00,76.90,1.66
20170719,0.00,79.80,1.68
20170720,0.00,60.20,1.57
20170721,0.06,55.70,1.54
20170722,0.00,53.90,1.53
20170723,0.78,53.00,1.53
20170724,0.21,154.00,1.99
20170725,0.00,70.00,1.63
20170726,0.00,56.80,1.55
20170727,0.54,81.70,1.67
20170728,0.44,107.00,1.81
20170729,0.05,129.00,1.91
20170730,0.00,75.90,1.66
20170731,0.00,61.00,1.58
20170801,0.00,58.50,1.56
20170802,0.00,58.10,1.56
20170803,0.00,53.40,1.53
20170804,0.25,60.80,1.56
20170805,0.01,70.30,1.62
20170806,0.01,50.80,1.51
20170807,0.46,69.80,1.62
20170808,1.00,160.00,2.03
20170809,0.00,83.80,1.70
20170810,0.00,63.80,1.59
20170811,0.13,60.30,1.57
20170812,0.45,69.60,1.62
20170813,0.00,89.60,1.73
20170814,0.17,67.80,1.62
20170815,0.11,85.10,1.71
20170816,0.00,71.20,1.63
20170817,0.25,68.30,1.61
20170818,0.09,72.00,1.64
20170819,0.00,58.80,1.56
20170820,0.00,50.70,1.51
20170821,0.00,47.40,1.49
20170822,0.00,46.00,1.48
20170823,0.00,43.40,1.46
20170824,0.00,42.10,1.45
20170825,0.00,39.50,1.43
20170826,0.00,38.00,1.42
20170827,0.00,37.80,1.42
20170828,0.00,35.80,1.40
20170829,0.00,34.70,1.39
20170830,0.00,36.70,1.41
20170831,0.15,40.80,1.43
20170901,0.11,104.00,1.78
20170902,0.04,130.00,1.90
20170903,0.04,72.40,1.64
20170904,0.00,54.40,1.54
20170905,0.33,48.20,1.49
20170906,0.29,64.40,1.59
20170907,0.00,61.20,1.58
20170908,0.00,48.90,1.50
20170909,0.00,44.70,1.47
20170910,0.00,42.50,1.45
20170911,0.37,39.90,1.43
20170912,0.65,428.00,2.76
20170913,0.01,264.00,2.37
20170914,0.00,128.00,1.91
20170915,0.00,98.20,1.77
20170916,0.00,82.30,1.69
20170917,0.00,71.70,1.64
20170918,0.00,64.40,1.60
20170919,0.00,58.60,1.56
20170920,0.00,55.00,1.54
20170921,0.01,52.40,1.52
20170922,0.00,61.40,1.58
20170923,0.00,59.50,1.57
20170924,0.00,49.70,1.51
20170925,0.00,45.80,1.48
20170926,0.00,42.90,1.46
20170927,0.00,41.40,1.45
20170928,0.00,39.70,1.43
20170929,0.00,38.20,1.42
20170930,0.00,37.80,1.42
20171001,0.00,36.20,1.41
20171002,0.00,34.80,1.39
20171003,0.00,34.90,1.39
20171004,0.00,33.90,1.39
20171005,0.00,33.70,1.38
20171006,0.00,32.90,1.38
20171007,0.00,32.50,1.37
20171008,3.25,294.00,1.99
20171009,0.27,1250.00,4.42
20171010,0.10,293.00,2.46
20171011,0.01,198.00,2.17
20171012,0.00,144.00,1.98
20171013,0.00,123.00,1.89
20171014,0.00,108.00,1.82
20171015,0.00,96.10,1.76
20171016,0.11,94.50,1.75
20171017,0.00,82.80,1.70
20171018,0.00,77.20,1.67
20171019,0.00,72.50,1.64
20171020,0.00,68.30,1.62
20171021,0.00,65.60,1.60
20171022,0.00,62.90,1.59
20171023,3.72,1930.00,4.96
20171024,0.00,980.00,3.96
20171025,0.00,414.00,2.79
20171026,0.00,279.00,2.43
20171027,0.00,214.00,2.22
20171028,1.29,323.00,2.44
20171029,0.37,1050.00,4.10
20171030,0.03,495.00,2.99
20171031,0.00,338.00,2.59
20171101,0.00,265.00,2.38
20171102,0.00,220.00,2.24
20171103,0.03,188.00,2.14
20171104,0.18,242.00,2.31
20171105,0.00,209.00,2.21
20171106,0.01,175.00,2.09
20171107,0.40,201.00,2.18
20171108,0.04,199.00,2.18
20171109,0.07,181.00,2.12
20171110,0.00,164.00,2.05
20171111,0.00,148.00,2.00
20171112,0.00,140.00,1.96
20171113,0.01,133.00,1.93
20171114,0.00,125.00,1.90
20171115,0.00,122.00,1.88
20171116,0.00,117.00,1.86
20171117,0.00,110.00,1.83
20171118,0.21,107.00,1.82
20171119,0.21,137.00,1.95
20171120,0.00,110.00,1.83
20171121,0.00,103.00,1.80
20171122,0.00,101.00,1.79
20171123,0.00,95.50,1.76
20171124,0.00,92.60,1.75
20171125,0.00,90.60,1.74
20171126,0.00,86.80,1.72
20171127,0.00,83.20,1.70
20171128,0.00,81.20,1.69
20171129,0.00,79.40,1.68
20171130,0.08,79.90,1.68
20171201,0.02,81.90,1.69
20171202,0.00,77.10,1.67
20171203,0.00,75.30,1.66
20171204,0.00,72.70,1.64
20171205,0.23,75.80,1.66
20171206,0.01,81.60,1.69
20171207,0.00,71.30,1.63
20171208,,74.80,1.65
20171209,,81.90,1.69
20171210,,76.40,1.66
20171211,,72.50,1.64
20171212,,76.40,1.66
20171213,0.00,73.00,1.69
20171214,0.00,71.00,1.65
20171215,0.00,68.00,1.62
20171216,0.00,66.10,1.61
20171217,0.01,65.20,1.60
20171218,0.00,75.10,1.65
20171219,0.01,77.60,1.67
20171220,0.33,93.30,1.75
20171221,0.00,104.00,1.80
20171222,0.00,89.20,1.73
20171223,0.41,107.00,1.81
20171224,0.01,127.00,1.91
20171225,0.00,110.00,1.83
20171226,0.00,97.10,1.77
20171227,0.00,93.10,1.75
20171228,0.00,87.90,1.72
20171229,0.00,84.30,1.70
20171230,0.00,82.80,1.70
20171231,,80.30,1.68
20180101,,77.70,1.79
20180102,,75.40,1.88
20180103,0.00,73.20,1.88
20180104,0.00,70.80,1.80
20180105,0.00,68.70,1.82
20180106,0.00,66.80,1.70
20180107,0.00,65.20,1.62
20180108,0.07,64.40,1.61
20180109,0.02,64.00,1.61
20180110,0.00,60.20,1.57
20180111,1.30,389.00,2.43
20180112,0.73,2370.00,6.42
20180113,0.01,1220.00,4.41
20180114,0.00,553.00,3.12
20180115,0.00,371.00,2.68
20180116,0.00,285.00,2.44
20180117,,239.00,2.31
20180118,,209.00,2.91
20180119,,192.00,2.54
20180120,,179.00,2.22
20180121,0.00,159.00,2.04
20180122,0.05,149.00,2.00
20180123,0.04,193.00,2.15
20180124,0.00,156.00,2.03
20180125,0.00,138.00,1.95
20180126,0.00,130.00,1.92
20180127,0.02,128.00,1.91
20180128,0.29,150.00,2.00
20180129,0.02,180.00,2.11
20180130,,155.00,2.02
20180131,,143.00,1.97
20180201,,141.00,1.97
20180202,,139.00,2.00
20180203,,137.00,1.95
20180204,0.97,259.00,2.33
20180205,0.04,290.00,2.46
20180206,0.00,235.00,2.29
20180207,0.48,386.00,2.69
20180208,0.00,409.00,2.78
20180209,0.00,319.00,2.54
20180210,0.24,286.00,2.45
20180211,0.28,671.00,3.38
20180212,0.04,515.00,3.04
20180213,0.18,455.00,2.90
20180214,0.06,390.00,2.73
20180215,0.11,371.00,2.68
20180216,0.17,340.00,2.60
20180217,0.22,312.00,2.52
20180218,0.02,309.00,2.51
20180219,0.04,278.00,2.42
20180220,0.00,250.00,2.34
20180221,0.00,232.00,2.28
20180222,0.00,216.00,2.23
20180223,0.00,196.00,2.17
20180224,0.01,185.00,2.13
20180225,0.18,190.00,2.15
20180226,0.05,175.00,2.09
20180227,0.00,156.00,2.03
20180228,0.10,154.00,2.02
20180301,0.78,255.00,2.35
20180302,0.04,276.00,2.42
20180303,0.00,231.00,2.28
20180304,0.00,207.00,2.20
20180305,0.00,192.00,2.15
20180306,0.04,184.00,2.13
20180307,,174.00,2.09
20180308,,157.00,2.03
20180309,0.00,144.00,1.98
20180310,0.00,139.00,1.96
20180311,0.04,137.00,1.95
20180312,0.42,178.00,2.10
20180313,,155.00,2.02
20180314,,152.00,2.01
20180315,,153.00,2.01
20180316,0.00,172.00,2.08
20180317,0.67,169.00,2.07
20180318,0.00,273.00,2.41
20180319,0.13,233.00,2.29
20180320,0.82,302.00,2.48
20180321,,489.00,2.98
20180322,,352.00,2.63
20180323,0.00,283.00,2.44
20180324,0.66,275.00,2.41
20180325,0.43,528.00,3.07
20180326,0.00,502.00,3.01
20180327,0.00,386.00,2.72
20180328,0.00,341.00,2.60
20180329,0.25,304.00,2.50
20180330,0.03,299.00,2.48
20180331,0.00,250.00,2.34
20180401,0.00,226.00,2.27
20180402,0.00,212.00,2.22
20180403,0.00,196.00,2.17
20180404,0.30,197.00,2.17
20180405,0.00,170.00,2.08
20180406,0.35,162.00,2.05
20180407,0.34,218.00,2.24
20180408,0.00,183.00,2.12
20180409,0.00,170.00,2.08
20180410,0.00,161.00,2.04
20180411,0.00,151.00,2.01
20180412,0.00,143.00,1.97
20180413,0.00,137.00,1.95
20180414,0.00,132.00,1.93
20180415,3.39,1560.00,4.45
20180416,,1920.00,5.55
20180417,,758.00,3.56
20180418,0.00,504.00,3.01
20180419,0.00,384.00,2.72
20180420,0.00,308.00,2.51
20180421,0.00,264.00,2.38
20180422,0.00,238.00,2.30
20180423,1.30,422.00,2.72
20180424,1.44,2470.00,6.56
20180425,0.47,1630.00,5.17
20180426,0.37,1010.00,4.04
20180427,0.00,782.00,3.61
20180428,0.00,586.00,3.20
20180429,0.00,455.00,2.90
20180430,0.00,372.00,2.68
20180501,0.00,320.00,2.54
20180502,0.00,281.00,2.43
20180503,0.00,253.00,2.35
20180504,0.00,231.00,2.28
20180505,0.00,216.00,2.23
20180506,0.25,215.00,2.23
20180507,0.03,215.00,2.22
20180508,0.00,246.00,2.32
20180509,0.00,191.00,2.15
20180510,0.02,177.00,2.10
20180511,0.00,165.00,2.06
20180512,0.00,152.00,2.01
20180513,0.00,143.00,1.97
20180514,0.00,136.00,1.94
20180515,0.06,130.00,1.92
20180516,1.34,609.00,3.09
20180517,0.37,713.00,3.46
20180518,4.68,3570.00,7.37
20180519,0.21,4160.00,8.28
20180520,0.02,1160.00,4.31
20180521,0.10,1300.00,4.52
20180522,0.17,1020.00,4.05
20180523,0.06,715.00,3.47
20180524,0.00,521.00,3.05
20180525,0.00,415.00,2.80
20180526,0.73,592.00,3.17
20180527,0.27,525.00,3.06
20180528,0.19,511.00,3.03
20180529,0.66,946.00,3.92
20180530,0.69,1860.00,5.57
20180531,0.50,1580.00,5.05
20180601,0.42,961.00,3.95
20180602,0.44,845.00,3.73
20180603,0.67,831.00,3.68
20180604,0.00,818.00,3.67
20180605,0.00,562.00,3.15
20180606,0.00,434.00,2.84
20180607,0.00,350.00,2.63
20180608,0.04,357.00,2.63
20180609,0.00,325.00,2.56
20180610,0.00,276.00,2.42
20180611,0.19,253.00,2.35
20180612,0.00,220.00,2.25
20180613,0.65,230.00,2.27
20180614,0.00,253.00,2.34
20180615,0.00,193.00,2.16
20180616,0.00,173.00,2.09
20180617,0.00,167.00,2.06
20180618,0.00,169.00,2.07
20180619,0.04,152.00,2.01
20180620,0.01,142.00,1.97
20180621,0.02,135.00,1.94
20180622,0.08,136.00,1.94
20180623,0.03,131.00,1.92
20180624,0.66,142.00,1.97
20180625,0.58,137.00,1.94
20180626,0.29,145.00,1.98
20180627,0.09,160.00,2.04
20180628,0.00,137.00,1.95
20180629,0.00,122.00,1.88
20180630,0.00,111.00,1.83
20180701,0.01,107.00,1.81
20180702,0.00,108.00,1.82
20180703,0.00,98.30,1.77
20180704,0.00,90.10,1.73
20180705,0.61,86.00,1.71
20180706,0.32,120.00,1.84
20180707,0.46,150.00,1.99
20180708,0.00,102.00,1.79
20180709,0.00,86.60,1.72
20180710,0.00,79.80,1.68
20180711,0.04,74.70,1.65
20180712,0.00,71.70,1.64
20180713,0.00,70.80,1.63
20180714,0.00,68.10,1.62
20180715,0.57,66.70,1.61
20180716,1.17,120.00,1.87
20180717,0.31,102.00,1.79
20180718,0.00,94.20,1.75
20180719,0.00,70.00,1.63
20180720,0.43,64.40,1.60
20180721,0.06,84.10,1.70
20180722,0.65,141.00,1.92
20180723,0.22,147.00,1.98
20180724,0.41,273.00,2.35
20180725,0.00,220.00,2.24
20180726,0.00,130.00,1.92
20180727,0.00,98.40,1.77
20180728,0.00,83.50,1.70
20180729,0.03,73.50,1.65
20180730,0.25,78.80,1.67
20180731,0.03,97.20,1.77
20180801,0.34,98.50,1.77
20180802,1.58,657.00,3.25
20180803,2.62,2150.00,5.68
20180804,0.10,725.00,3.48
20180805,0.00,414.00,2.79
20180806,0.01,273.00,2.41
20180807,0.00,217.00,2.23
20180808,0.20,186.00,2.13
20180809,0.00,173.00,2.09
20180810,0.60,153.00,2.01
20180811,0.01,280.00,2.42
20180812,0.02,187.00,2.14
20180813,0.00,170.00,2.07
20180814,0.00,139.00,1.96
20180815,0.00,128.00,1.91
20180816,0.00,117.00,1.86
20180817,0.00,108.00,1.82
20180818,0.10,110.00,1.83
20180819,0.07,111.00,1.83
20180820,0.41,140.00,1.94
20180821,0.75,219.00,2.23
20180822,0.07,199.00,2.17
20180823,0.00,138.00,1.95
20180824,0.00,115.00,1.85
20180825,0.00,105.00,1.81
20180826,0.00,99.00,1.78
20180827,0.00,97.30,1.77
20180828,0.00,89.60,1.73
20180829,0.00,84.50,1.70
20180830,0.00,84.70,1.71
20180831,0.56,89.10,1.73
20180901,0.20,134.00,1.91
20180902,0.10,148.00,1.98
20180903,0.00,126.00,1.90
20180904,0.00,95.80,1.76
20180905,0.00,85.70,1.71
20180906,0.00,82.30,1.69
20180907,0.00,78.60,1.67
20180908,0.00,87.80,1.72
20180909,0.05,87.00,1.72
20180910,0.11,114.00,1.85
20180911,0.36,115.00,1.85
20180912,0.00,398.00,2.66
20180913,0.03,177.00,2.10
20180914,0.00,137.00,1.95
20180915,0.09,143.00,1.97
20180916,1.72,974.00,3.75
20180917,0.76,2360.00,6.29
20180918,0.11,945.00,3.91
20180919,0.00,523.00,3.05
20180920,0.00,360.00,2.65
20180921,0.00,278.00,2.42
20180922,0.03,231.00,2.28
20180923,0.13,202.00,2.19
20180924,0.02,285.00,2.44
20180925,0.01,216.00,2.23
20180926,0.04,195.00,2.16
20180927,0.17,191.00,2.15
20180928,0.17,212.00,2.22
20180929,0.00,171.00,2.08
20180930,0.01,175.00,2.09
20181001,0.00,169.00,2.07
20181002,0.00,150.00,2.00
20181003,0.00,140.00,1.96
20181004,0.00,132.00,1.93
20181005,0.00,125.00,1.90
20181006,0.04,120.00,1.87
20181007,0.00,186.00,2.12
20181008,0.11,134.00,1.94
20181009,0.07,146.00,1.99
20181010,1.82,1570.00,4.64
20181011,2.44,4060.00,8.29
20181012,0.00,1330.00,4.62
20181013,0.01,683.00,3.40
20181014,0.14,472.00,2.94
20181015,0.14,381.00,2.71
20181016,0.17,325.00,2.56
20181017,0.03,290.00,2.46
20181018,0.00,245.00,2.32
20181019,0.00,224.00,2.26
20181020,0.03,212.00,2.22
20181021,0.00,188.00,2.14
20181022,0.00,179.00,2.11
20181023,0.00,172.00,2.08
20181024,0.00,165.00,2.06
20181025,0.00,159.00,2.04
20181026,0.88,309.00,2.49
20181027,0.31,288.00,2.45
20181028,0.25,267.00,2.39
20181029,0.00,268.00,2.39
20181030,0.00,234.00,2.29
20181031,0.00,217.00,2.24
20181101,0.10,207.00,2.20
20181102,0.40,262.00,2.37
20181103,0.14,259.00,2.37
20181104,0.00,222.00,2.25
20181105,0.03,219.00,2.24
20181106,0.18,232.00,2.28
20181107,0.00,219.00,2.24
20181108,0.00,201.00,2.18
20181109,0.11,204.00,2.19
20181110,0.01,198.00,2.17
20181111,0.00,182.00,2.12
20181112,0.93,288.00,2.40
20181113,0.17,488.00,2.97
20181114,0.09,357.00,2.65
20181115,,861.00,3.70
20181116,,742.00,3.52
20181117,0.00,485.00,2.97
20181118,0.00,382.00,2.71
20181119,0.01,330.00,2.57
20181120,0.00,297.00,2.48
20181121,0.00,266.00,2.39
20181122,0.00,243.00,2.32
20181123,0.19,226.00,2.27
20181124,0.94,635.00,3.27
20181125,0.00,503.00,3.01
20181126,0.00,395.00,2.74
20181127,0.00,331.00,2.57
20181128,0.00,286.00,2.45
20181129,0.09,259.00,2.37
20181130,0.23,292.00,2.46
20181201,0.09,312.00,2.52
20181202,0.00,334.00,2.58
20181203,0.00,294.00,2.47
20181204,0.00,266.00,2.39
20181205,0.00,250.00,2.34
20181206,0.00,229.00,2.27
20181207,0.00,216.00,2.23
20181208,,205.00,2.20
20181209,,227.00,2.27
20181210,,222.00,2.25
20181211,,211.00,2.21
20181212,0.00,200.00,2.18
20181213,0.00,202.00,2.19
20181214,0.66,645.00,3.19
20181215,0.13,1290.00,4.54
20181216,0.04,965.00,3.95
20181217,0.01,710.00,3.46
20181218,0.00,539.00,3.09
20181219,0.00,434.00,2.84
20181220,1.05,807.00,3.54
20181221,1.30,2900.00,7.03
20181222,0.04,1570.00,5.05
20181223,0.13,879.00,3.78
20181224,0.01,670.00,3.36
20181225,0.00,530.00,3.05
20181226,0.00,443.00,2.84
20181227,0.18,384.00,2.69
20181228,2.08,2540.00,6.37
20181229,0.01,1390.00,4.72
20181230,0.00,810.00,3.65
20181231,0.00,614.00,3.24
20190101,0.00,509.00,3.00
20190102,0.01,426.00,2.79
20190103,0.20,412.00,2.76
20190104,0.39,407.00,2.74
20190105,0.11,560.00,3.12
20190106,0.00,501.00,2.98
20190107,0.00,420.00,2.78
20190108,0.00,372.00,2.65
20190109,0.00,330.00,2.54
20190110,0.00,293.00,2.43
20190111,0.00,268.00,2.36
20190112,,254.00,2.31
20190113,,302.00,2.56
20190114,,318.00,2.50
20190115,0.02,290.00,2.42
20190116,0.00,269.00,2.36
20190117,,257.00,2.32
20190118,,260.00,2.33
20190119,0.20,256.00,2.32
20190120,0.16,423.00,2.78
20190121,0.00,339.00,2.73
20190122,0.00,298.00,2.44
20190123,0.22,297.00,2.44
20190124,0.59,1040.00,4.05
20190125,0.00,669.00,3.36
20190126,0.00,486.00,2.94
20190127,0.00,398.00,2.72
20190128,0.00,346.00,2.58
20190129,,312.00,2.49
20190130,,280.00,2.37
20190131,,250.00,2.49
20190201,,230.00,2.24
20190202,0.00,223.00,2.21
20190203,0.00,212.00,2.18
20190204,0.00,201.00,2.14
20190205,0.00,194.00,2.12
20190206,0.64,189.00,2.10
20190207,0.02,290.00,2.42
20190208,0.04,233.00,2.25
20190209,0.00,207.00,2.17
20190210,0.12,198.00,2.14
20190211,0.06,214.00,2.20
20190212,0.43,229.00,2.24
20190213,0.00,308.00,2.48
20190214,0.00,256.00,2.33
20190215,0.04,235.00,2.26
20190216,0.22,242.00,2.28
20190217,0.44,265.00,2.35
20190218,0.08,354.00,2.60
20190219,0.05,315.00,2.49
20190220,0.77,339.00,2.56
20190221,0.05,568.00,3.14
20190222,0.31,536.00,3.05
20190223,1.57,2030.00,5.46
20190224,0.05,1390.00,4.72
20190225,0.00,743.00,3.54
20190226,0.00,550.00,3.09
20190227,0.00,456.00,2.85
20190228,0.00,388.00,2.69
20190301,0.52,393.00,2.70
20190302,0.01,376.00,2.66
20190303,0.23,343.00,2.57
20190304,0.01,357.00,2.61
20190305,0.00,311.00,2.49
20190306,0.00,283.00,2.41
20190307,0.00,265.00,2.35
20190308,0.24,261.00,2.34
20190309,0.24,282.00,2.40
20190310,0.33,512.00,2.99
20190311,0.00,403.00,2.73
20190312,0.00,346.00,2.58
20190313,0.00,308.00,2.48
20190314,0.00,282.00,2.40
20190315,0.11,289.00,2.42
20190316,0.00,255.00,2.32
20190317,0.00,233.00,2.26
20190318,0.00,219.00,2.21
20190319,0.00,206.00,2.17
20190320,0.00,197.00,2.14
20190321,0.14,197.00,2.14
20190322,0.00,191.00,2.12
20190323,0.00,175.00,2.06
20190324,0.00,168.00,2.04
20190325,0.15,169.00,2.04
20190326,0.04,171.00,2.05
20190327,0.00,157.00,2.00
20190328,0.00,149.00,1.97
20190329,0.00,146.00,1.96
20190330,0.00,146.00,1.96
20190331,0.29,158.00,2.00
20190401,0.00,142.00,1.94
20190402,0.00,135.00,1.91
20190403,0.00,131.00,1.90
20190404,0.00,128.00,1.89
20190405,0.31,162.00,2.01
20190406,0.00,147.00,1.96
20190407,0.10,136.00,1.92
20190408,0.39,148.00,1.96
20190409,0.03,161.00,2.01
20190410,0.00,143.00,1.95
20190411,0.00,135.00,1.91
20190412,0.12,143.00,1.94
20190413,0.13,167.00,2.03
20190414,1.34,752.00,3.38
20190415,0.00,1110.00,4.20
20190416,0.00,512.00,3.00
20190417,0.00,372.00,2.65
20190418,0.00,304.00,2.46
20190419,2.81,2900.00,6.07
20190420,,2120.00,5.70
20190421,,886.00,3.83
20190422,,600.00,3.22
20190423,,475.00,2.90
20190424,,391.00,2.70
20190425,,334.00,2.55
20190426,,348.00,2.58
20190427,,305.00,2.47
20190428,,262.00,2.34
20190429,,235.00,2.26
20190430,,220.00,2.21
20190501,,205.00,2.17
20190502,,248.00,2.29
20190503,,299.00,2.44
20190504,,263.00,2.35
20190505,,318.00,2.50
20190506,,273.00,2.38
20190507,,240.00,2.28
20190508,,227.00,2.24
20190509,,210.00,2.18
20190510,,245.00,2.29
20190511,,242.00,2.28
20190512,,271.00,2.37
20190513,,248.00,2.30
20190514,0.00,212.00,2.19
20190515,0.00,194.00,2.13
20190516,0.00,183.00,2.09
20190517,0.03,174.00,2.06
20190518,0.22,199.00,2.14
20190519,0.00,188.00,2.11
20190520,0.00,161.00,2.01
20190521,0.00,145.00,1.95
20190522,0.00,136.00,1.92
20190523,0.00,130.00,1.89
20190524,0.00,122.00,1.86
20190525,0.00,118.00,1.84
20190526,0.00,113.00,1.82
20190527,0.00,108.00,1.79
20190528,0.00,105.00,1.77
20190529,0.00,100.00,1.75
20190530,0.00,96.30,1.73
20190531,0.23,109.00,1.79
20190601,0.00,99.60,1.75
20190602,0.00,93.60,1.71
20190603,0.00,89.30,1.69
20190604,0.00,84.50,1.67
20190605,0.14,87.10,1.68
20190606,0.64,117.00,1.82
20190607,0.73,139.00,1.93
20190608,2.76,1100.00,3.90
20190609,3.78,5960.00,9.96
20190610,0.25,1760.00,5.25
20190611,0.00,807.00,3.68
20190612,0.00,516.00,3.03
20190613,0.02,385.00,2.71
20190614,0.00,297.00,2.48
20190615,0.00,244.00,2.33
20190616,0.00,215.00,2.25
20190617,2.64,254.00,2.35
20190618,0.75,456.00,2.85
20190619,0.43,517.00,3.06
20190620,0.17,384.00,2.73
20190621,0.01,279.00,2.44
20190622,0.39,265.00,2.40
20190623,0.00,216.00,2.25
20190624,0.83,296.00,2.44
20190625,0.00,424.00,2.82
20190626,0.00,260.00,2.39
20190627,0.00,205.00,2.22
20190628,0.00,181.00,2.13
20190629,0.00,164.00,2.07
20190630,0.16,155.00,2.04
20190701,0.00,145.00,2.00
20190702,0.00,135.00,1.97
20190703,0.06,129.00,1.94
20190704,0.70,162.00,2.06
20190705,0.06,139.00,1.98
20190706,0.40,160.00,2.06
20190707,0.00,142.00,1.99
20190708,0.00,123.00,1.91
20190709,0.00,118.00,1.89
20190710,0.00,116.00,1.88
20190711,0.76,207.00,2.19
20190712,0.00,186.00,2.15
20190713,0.00,129.00,1.94
20190714,0.00,116.00,1.88
20190715,0.25,114.00,1.86
20190716,0.00,130.00,1.94
20190717,0.16,110.00,1.85
20190718,0.29,113.00,1.86
20190719,0.00,106.00,1.83
20190720,0.25,112.00,1.86
20190721,0.21,129.00,1.93
20190722,0.51,129.00,1.94
20190723,1.04,302.00,2.48
20190724,0.01,181.00,2.13
20190725,0.00,129.00,1.94
20190726,0.00,114.00,1.87
20190727,0.00,105.00,1.82
20190728,0.00,99.60,1.80
20190729,0.13,111.00,1.85
20190730,0.38,124.00,1.90
20190731,0.01,130.00,1.94
20190801,0.05,125.00,1.92
20190802,0.01,154.00,2.03
20190803,0.24,128.00,1.93
20190804,0.00,121.00,1.90
20190805,0.53,123.00,1.91
20190806,0.00,111.00,1.85
20190807,0.00,95.70,1.78
20190808,0.00,88.40,1.74
20190809,0.00,83.00,1.71
20190810,0.00,78.80,1.68
20190811,0.00,77.70,1.68
20190812,0.00,73.60,1.66
20190813,0.77,84.00,1.71
20190814,0.00,87.00,1.73
20190815,0.00,75.40,1.67
20190816,0.00,74.20,1.66
20190817,0.00,67.10,1.62
20190818,0.00,65.40,1.61
20190819,0.00,60.20,
20190820,0.00,56.40,
20190821,0.00,55.20,
20190822,0.59,57.80,
20190823,0.32,75.70,1.67
20190824,0.16,103.00,1.81
20190825,0.00,80.20,1.69
20190826,0.00,68.00,1.62
20190827,0.08,72.30,1.65
20190828,0.01,68.50,1.63
20190829,0.00,59.80,1.57
20190830,0.00,55.30,1.55
20190831,0.00,52.60,1.53
20190901,0.00,50.60,1.52
20190902,0.00,49.90,1.51
20190903,0.00,48.10,1.50
20190904,0.00,46.60,1.49
20190905,0.00,44.00,1.47
20190906,0.00,42.20,1.46
20190907,0.00,39.20,1.44
20190908,0.00,38.40,1.43
20190909,0.00,38.20,1.43
20190910,0.00,37.90,1.43
20190911,0.00,38.40,1.43
20190912,0.00,37.20,1.43
20190913,0.00,35.70,1.42
20190914,0.00,37.00,1.42
20190915,0.00,37.40,1.43
20190916,0.00,33.80,1.40
20190917,0.00,32.30,1.39
20190918,0.00,32.20,1.39
20190919,0.00,35.30,1.41
20190920,0.00,35.00,1.41
20190921,0.00,33.90,1.40
20190922,0.00,33.70,1.40
20190923,0.00,31.30,1.38
20190924,0.00,29.60,1.37
20190925,0.00,27.10,1.35
20190926,0.00,26.60,1.35
20190927,0.00,27.00,1.35
20190928,0.13,28.90,1.36
20190929,0.64,46.10,1.49
20190930,0.00,38.20,1.43
20191001,0.00,33.80,1.40
20191002,0.00,30.80,1.38
20191003,0.00,29.10,1.37
20191004,0.00,27.00,1.35
20191005,0.00,24.80,1.33
20191006,0.00,27.60,1.35
20191007,1.05,33.50,1.40
20191008,0.99,63.40,1.59
20191009,0.00,67.50,1.62
20191010,0.00,43.30,1.47
20191011,0.00,38.00,1.43
20191012,0.00,35.40,1.41
20191013,0.00,34.80,1.41
20191014,0.00,33.30,1.40
20191015,0.00,31.10,1.38
20191016,0.48,42.40,1.46
20191017,0.00,37.00,1.42
20191018,0.00,32.60,1.39
20191019,1.06,34.00,1.40
20191020,0.26,201.00,2.17
20191021,0.01,74.70,1.66
20191022,0.88,207.00,2.10
20191023,0.00,123.00,1.89
20191024,0.00,69.20,1.63
20191025,0.09,57.30,1.56
20191026,1.10,69.70,1.63
20191027,0.53,1060.00,4.05
20191028,0.00,204.00,2.21
20191029,0.00,123.00,1.91
20191030,0.53,127.00,1.91
20191031,0.39,469.00,2.92
20191101,0.00,368.00,2.68
20191102,0.00,191.00,2.17
20191103,0.00,143.00,1.99
20191104,0.00,119.00,1.89
20191105,0.00,106.00,1.83
20191106,0.00,96.90,1.78
20191107,0.44,95.00,1.77
20191108,0.00,105.00,1.82
20191109,0.00,85.50,1.72
20191110,0.00,80.60,1.69
20191111,0.00,76.90,1.67
20191112,0.14,81.60,1.70
20191113,0.01,72.40,1.65
20191114,0.00,69.30,1.63
20191115,0.00,68.10,1.62
20191116,0.00,66.80,1.62
20191117,0.00,64.60,1.60
20191118,0.00,63.70,1.60
20191119,0.02,63.10,1.59
20191120,0.09,62.00,1.59
20191121,0.00,59.20,1.57
20191122,0.03,58.70,1.57
20191123,1.38,155.00,1.95
20191124,0.05,236.00,2.31
20191125,0.00,140.00,1.98
20191126,0.00,113.00,1.86
20191127,0.21,112.00,1.86
20191128,0.00,97.40,1.78
20191129,0.00,90.20,1.75
20191130,1.16,124.00,1.88
20191201,0.49,925.00,3.94
20191202,0.00,410.00,2.79
20191203,0.00,251.00,2.36
20191204,0.00,194.00,2.18
20191205,0.00,161.00,2.06
20191206,0.00,140.00,1.98
20191207,0.00,128.00,1.93
20191208,0.00,118.00,1.89
20191209,0.01,116.00,1.88
20191210,,128.00,1.93
20191211,,127.00,1.93
20191212,0.00,112.00,1.86
20191213,0.09,141.00,1.98
20191214,0.29,320.00,2.55
20191215,0.00,250.00,2.36
20191216,0.00,201.00,2.20
20191217,0.33,218.00,2.26
20191218,0.00,196.00,2.19
20191219,0.00,167.00,2.08
20191220,0.00,151.00,2.02
20191221,0.00,141.00,1.99
20191222,0.06,131.00,1.95
20191223,0.18,193.00,2.17
20191224,0.00,198.00,2.19
20191225,0.00,163.00,2.07
20191226,0.00,149.00,2.02
20191227,0.00,138.00,1.98
20191228,0.00,131.00,1.95
20191229,0.00,142.00,1.99
20191230,0.11,327.00,2.57
20191231,0.00,217.00,2.25
20200101,0.00,172.00,2.10
20200102,0.27,155.00,2.04
20200103,0.17,215.00,2.25
20200104,0.17,212.00,2.24
20200105,0.01,202.00,2.21
20200106,0.00,181.00,2.14
20200107,0.16,179.00,2.13
20200108,0.00,163.00,2.07
20200109,0.00,146.00,2.01
20200110,0.00,139.00,1.98
20200111,0.82,1090.00,3.59
20200112,0.00,2060.00,5.51
20200113,0.00,615.00,3.30
20200114,0.30,459.00,2.91
20200115,0.05,369.00,2.69
20200116,0.12,315.00,2.55
20200117,0.00,261.00,2.39
20200118,0.19,240.00,2.33
20200119,0.00,236.00,2.31
20200120,0.00,198.00,2.19
20200121,0.00,178.00,2.13
20200122,0.00,169.00,2.09
20200123,0.00,158.00,2.05
20200124,0.55,443.00,2.78
20200125,0.01,554.00,3.15
20200126,0.00,367.00,2.68
20200127,0.21,304.00,2.52
20200128,0.00,267.00,2.41
20200129,0.02,231.00,2.30
20200130,0.01,212.00,2.24
20200131,0.04,196.00,2.19
20200201,0.07,187.00,2.16
20200202,0.00,176.00,2.12
20200203,0.00,162.00,2.07
20200204,,159.00,2.05
20200205,0.48,208.00,2.22
20200206,2.41,2130.00,5.48
20200207,,2650.00,6.40
20200208,,923.00,3.92
20200209,,582.00,3.19
20200210,0.38,481.00,2.93
20200211,0.55,611.00,3.25
20200212,0.01,599.00,3.24
20200213,0.93,871.00,3.80
20200214,0.00,692.00,3.45
20200215,0.00,512.00,3.01
20200216,0.00,418.00,2.78
20200217,0.00,349.00,2.61
20200218,0.15,304.00,2.49
20200219,0.01,276.00,2.40
20200220,,247.00,2.32
20200221,,225.00,2.25
20200222,,206.00,2.19
20200223,0.00,196.00,2.16
20200224,0.41,201.00,2.17
20200225,0.13,293.00,2.45
20200226,,257.00,2.35
20200227,,283.00,2.43
20200228,,251.00,2.33
20200229,,236.00,2.29
20200301,0.00,213.00,2.21
20200302,0.02,206.00,2.19
20200303,0.79,364.00,2.62
20200304,0.00,380.00,2.69
20200305,0.00,306.00,2.49
20200306,0.03,265.00,2.38
20200307,0.01,230.00,2.27
20200308,0.00,205.00,2.19
20200309,0.00,190.00,2.14
20200310,0.14,185.00,2.12
20200311,0.01,187.00,2.13
20200312,0.02,172.00,2.07
20200313,0.37,218.00,2.23
20200314,0.01,185.00,2.12
20200315,0.03,179.00,2.10
20200316,0.01,169.00,2.06
20200317,0.16,173.00,2.07
20200318,0.01,166.00,2.05
20200319,0.02,163.00,2.04
20200320,0.43,173.00,2.07
20200321,0.01,219.00,2.23
20200322,0.02,193.00,2.14
20200323,0.35,255.00,2.34
20200324,0.52,270.00,2.39
20200325,0.42,715.00,3.50
20200326,0.00,492.00,2.96
20200327,0.00,359.00,2.63
20200328,0.00,288.00,2.44
20200329,0.00,248.00,2.32
20200330,0.00,215.00,2.22
20200331,0.26,207.00,2.19
20200401,0.06,212.00,2.21
20200402,0.00,182.00,2.11
20200403,0.00,168.00,2.06
20200404,0.00,159.00,2.03
20200405,0.01,152.00,2.00
20200406,0.00,145.00,1.97
20200407,0.11,142.00,1.96
20200408,0.25,141.00,1.96
20200409,0.24,189.00,2.13
20200410,0.00,145.00,1.97
20200411,0.00,134.00,1.93
20200412,1.22,161.00,2.01
20200413,1.57,2670.00,6.29
20200414,0.00,763.00,3.60
20200415,0.00,492.00,2.96
20200416,0.00,367.00,2.66
20200417,0.00,300.00,2.48
20200418,0.61,319.00,2.53
20200419,0.00,261.00,2.36
20200420,0.58,335.00,2.56
20200421,0.05,291.00,2.45
20200422,0.00,253.00,2.34
20200423,0.26,264.00,2.37
20200424,0.29,288.00,2.44
20200425,0.21,260.00,2.36
20200426,0.17,298.00,2.47
20200427,0.02,278.00,2.41
20200428,0.00,251.00,2.33
20200429,1.60,356.00,2.55
20200430,0.40,1690.00,5.14
20200501,0.13,760.00,3.60
20200502,0.00,541.00,3.09
20200503,0.00,433.00,2.82
20200504,0.09,366.00,2.65
20200505,0.18,316.00,2.52
20200506,0.30,297.00,2.47
20200507,0.00,258.00,2.35
20200508,0.33,243.00,2.31
20200509,0.01,243.00,2.31
20200510,0.00,211.00,2.20
20200511,0.08,202.00,2.17
20200512,0.00,185.00,2.12
20200513,0.07,180.00,2.10
20200514,0.01,183.00,2.11
20200515,0.00,196.00,2.15
20200516,0.00,161.00,2.03
20200517,0.00,152.00,2.00
20200518,0.90,156.00,2.01
20200519,2.05,1420.00,4.62
20200520,2.07,2830.00,6.60
20200521,0.67,3730.00,7.65
20200522,0.25,1450.00,4.84
20200523,0.00,860.00,3.80
20200524,0.02,637.00,3.33
20200525,0.01,547.00,3.10
20200526,0.07,463.00,2.89
20200527,0.34,409.00,2.76
20200528,0.00,438.00,2.83
20200529,0.31,348.00,2.61
20200530,0.00,336.00,2.57
20200531,0.00,278.00,2.41
20200601,0.00,245.00,2.31
20200602,0.00,224.00,2.25
20200603,0.00,206.00,2.19
20200604,0.00,196.00,2.15
20200605,0.10,188.00,2.13
20200606,0.00,178.00,2.09
20200607,0.00,161.00,2.03
20200608,0.00,150.00,1.99
20200609,0.00,144.00,1.97
20200610,0.02,151.00,1.99
20200611,0.05,170.00,2.06
20200612,0.00,131.00,1.92
20200613,0.00,122.00,1.88
20200614,0.39,142.00,1.95
20200615,0.04,150.00,1.99
20200616,0.23,138.00,1.94
20200617,0.43,191.00,2.14
20200618,0.16,187.00,2.12
20200619,0.02,201.00,2.17
20200620,0.02,153.00,2.00
20200621,0.05,142.00,1.96
20200622,0.00,127.00,1.90
20200623,0.15,123.00,1.88
20200624,0.01,121.00,1.87
20200625,0.55,131.00,1.91
20200626,0.00,113.00,1.84
20200627,0.08,107.00,1.80
20200628,0.90,153.00,1.99
20200629,0.68,145.00,1.97
20200630,0.26,194.00,2.14
20200701,0.00,142.00,1.96
20200702,0.00,124.00,1.88
20200703,0.00,109.00,1.81
20200704,0.24,115.00,1.84
20200705,0.01,117.00,1.85
20200706,0.00,148.00,1.97
20200707,0.00,102.00,1.78
20200708,0.46,124.00,1.87
20200709,0.00,114.00,1.84
20200710,0.02,105.00,1.79
20200711,0.00,101.00,1.77
20200712,0.00,87.80,1.70
20200713,0.00,82.30,1.67
20200714,0.00,76.00,1.64
20200715,0.00,72.60,1.62
20200716,0.00,69.50,1.60
20200717,0.36,81.70,1.67
20200718,0.00,92.60,1.73
20200719,0.46,94.10,1.73
20200720,0.00,86.30,1.69
20200721,0.00,74.30,1.63
20200722,0.24,79.40,1.66
20200723,0.91,224.00,2.12
20200724,0.43,285.00,2.42
20200725,0.01,135.00,1.93
20200726,0.00,109.00,1.81
20200727,0.00,103.00,1.78
20200728,0.00,87.90,1.70
20200729,0.00,81.60,1.67
20200730,0.16,83.10,1.68
20200731,0.32,87.90,1.70
20200801,0.00,89.80,1.71
20200802,0.19,87.90,1.70
20200803,1.32,222.00,2.19
20200804,0.00,171.00,2.06
20200805,0.05,123.00,1.87
20200806,0.16,199.00,2.09
20200807,0.00,255.00,2.33
20200808,0.00,192.00,2.14
20200809,0.00,127.00,1.90
20200810,0.00,105.00,1.79
20200811,0.00,95.60,1.74
20200812,1.66,249.00,2.20
20200813,0.01,228.00,2.25
20200814,0.35,205.00,2.18
20200815,0.62,343.00,2.57
20200816,0.01,271.00,2.39
20200817,0.04,181.00,2.11
20200818,0.01,142.00,1.96
20200819,0.00,143.00,1.96
20200820,0.00,131.00,1.91
20200821,0.42,249.00,2.30
20200822,0.53,227.00,2.26
20200823,0.33,208.00,2.19
20200824,0.00,162.00,2.04
20200825,0.00,149.00,1.99
20200826,0.39,131.00,1.92
20200827,0.00,121.00,1.87
20200828,0.02,133.00,1.91
20200829,0.17,136.00,1.94
20200830,0.00,116.00,1.85
20200831,0.23,120.00,1.87
20200901,0.75,157.00,2.00
20200902,0.00,144.00,1.97
20200903,0.02,115.00,1.84
20200904,0.07,104.00,1.79
20200905,0.00,94.10,1.74
20200906,0.00,87.50,1.70
20200907,0.00,84.70,1.69
20200908,0.00,81.20,1.67
20200909,0.02,78.50,1.65
20200910,0.15,118.00,1.82
20200911,0.52,117.00,1.85
20200912,0.72,239.00,2.28
20200913,0.01,357.00,2.62
20200914,0.21,188.00,2.13
20200915,0.00,157.00,2.02
20200916,0.00,130.00,1.91
20200917,1.26,412.00,2.69
20200918,0.00,458.00,2.88
20200919,0.00,255.00,2.34
20200920,0.00,194.00,2.15
20200921,0.00,160.00,2.03
20200922,0.00,141.00,1.96
20200923,0.00,129.00,1.91
20200924,0.40,129.00,1.91
20200925,0.66,231.00,2.26
20200926,0.00,173.00,2.08
20200927,0.00,142.00,1.96
20200928,0.02,132.00,1.92
20200929,0.55,199.00,2.15
20200930,0.00,177.00,2.09
20201001,0.00,146.00,1.98
20201002,0.00,129.00,1.91
20201003,0.00,120.00,1.87
20201004,0.00,114.00,1.84
20201005,0.00,108.00,1.81
20201006,0.00,103.00,1.78
20201007,0.00,97.60,1.76
20201008,0.00,92.90,1.73
20201009,0.00,89.80,1.71
20201010,1.59,204.00,2.10
20201011,0.85,753.00,3.54
20201012,0.01,439.00,2.83
20201013,0.01,292.00,2.45
20201014,0.00,226.00,2.25
20201015,0.00,191.00,2.14
20201016,0.00,168.00,2.06
20201017,0.00,149.00,1.99
20201018,0.00,136.00,1.94
20201019,0.00,129.00,1.91
20201020,0.00,123.00,1.88
20201021,0.00,118.00,1.86
20201022,0.00,113.00,1.83
20201023,0.00,109.00,1.81
20201024,0.07,108.00,1.81
20201025,0.20,137.00,1.94
20201026,0.00,116.00,1.85
20201027,0.00,107.00,1.80
20201028,0.53,113.00,1.83
20201029,2.12,1560.00,4.60
20201030,0.01,768.00,3.60
20201031,0.00,447.00,2.85
20201101,0.05,352.00,2.62
20201102,0.00,274.00,2.40
20201103,0.00,231.00,2.27
20201104,0.00,203.00,2.18
20201105,0.00,184.00,2.11
20201106,0.00,171.00,2.07
20201107,0.00,160.00,2.03
20201108,0.00,150.00,1.99
20201109,0.00,143.00,1.97
20201110,0.12,145.00,1.97
20201111,1.93,790.00,3.53
20201112,0.35,796.00,3.67
20201113,0.00,537.00,3.08
20201114,0.00,388.00,2.71
20201115,0.00,312.00,2.51
20201116,0.00,262.00,2.37
20201117,0.00,228.00,2.26
20201118,0.00,203.00,2.18
20201119,0.00,186.00,2.12
20201120,0.00,174.00,2.08
20201121,0.00,164.00,2.05
20201122,0.00,157.00,2.02
20201123,0.16,155.00,2.01
20201124,0.00,140.00,1.96
20201125,0.01,135.00,1.93
20201126,0.03,142.00,1.96
20201127,0.00,131.00,1.92
20201128,0.00,126.00,1.89
20201129,,121.00,1.87
20201130,,175.00,2.08
20201201,,142.00,1.96
20201202,,127.00,1.90
20201203,0.00,122.00,1.88
20201204,1.11,147.00,1.97
20201205,0.04,372.00,2.66
20201206,0.00,244.00,2.31
20201207,0.20,217.00,2.22
20201208,0.00,187.00,2.13
20201209,0.00,171.00,2.07
20201210,0.00,161.00,2.03
20201211,0.00,152.00,2.00
20201212,0.00,145.00,1.97
20201213,0.00,141.00,1.96
20201214,1.12,370.00,2.63
20201215,0.00,297.00,2.47
20201216,0.36,316.00,2.51
20201217,0.08,355.00,2.62
20201218,0.00,290.00,2.45
20201219,0.00,250.00,2.33
20201220,0.00,229.00,2.26
20201221,0.03,210.00,2.20
20201222,0.00,187.00,2.13
20201223,0.00,171.00,2.07
20201224,,309.00,2.46
20201225,,448.00,2.86
20201226,,305.00,2.49
20201227,,264.00,2.37
20201228,0.09,249.00,2.33
20201229,0.01,253.00,2.34
20201230,0.00,240.00,2.30
20201231,0.00,235.00,2.28
20210101,0.72,349.00,2.58
20210102,0.01,500.00,2.99
20210103,0.00,379.00,2.68
20210104,0.01,313.00,2.51
20210105,0.20,287.00,2.44
20210106,0.00,258.00,2.35
20210107,0.00,229.00,2.26
20210108,,229.00,2.26
20210109,,208.00,2.20
20210110,,191.00,2.14
20210111,,183.00,2.11
20210112,,180.00,2.10
20210113,0.00,172.00,2.07
20210114,0.00,167.00,2.05
20210115,0.00,162.00,2.04
20210116,0.00,156.00,2.01
20210117,,148.00,1.99
20210118,,145.00,1.97
20210119,,137.00,1.94
20210120,0.00,134.00,1.93
20210121,0.05,134.00,1.93
20210122,0.00,133.00,1.93
20210123,0.00,127.00,1.90
20210124,0.00,123.00,1.88
20210125,0.32,146.00,1.97
20210126,0.36,271.00,2.38
20210127,0.65,241.00,2.30
20210128,0.01,325.00,2.54
20210129,0.00,246.00,2.32
20210130,0.00,215.00,2.22
20210131,0.50,227.00,2.26
20210201,0.10,259.00,2.36
20210202,0.01,228.00,2.26
20210203,0.00,205.00,2.58
20210204,0.04,198.00,2.15
20210205,0.22,195.00,2.15
20210206,0.00,181.00,2.10
20210207,,182.00,2.11
20210208,,168.00,2.06
20210209,0.00,170.00,2.06
20210210,0.00,181.00,2.11
20210211,0.16,211.00,2.21
20210212,0.13,257.00,2.35
20210213,0.83,557.00,3.11
20210214,0.02,571.00,3.17
20210215,0.25,445.00,2.85
20210216,0.00,471.00,2.91
20210217,0.00,356.00,2.63
20210218,0.11,513.00,3.02
20210219,0.00,502.00,2.99
20210220,0.00,399.00,2.74
20210221,0.00,326.00,2.55
20210222,0.25,316.00,2.52
20210223,0.00,277.00,2.41
20210224,0.00,241.00,2.30
20210225,0.00,221.00,2.24
20210226,0.60,252.00,2.32
20210227,0.07,318.00,2.52
20210228,0.01,272.00,2.40
20210301,0.52,328.00,2.55
20210302,0.00,305.00,2.49
20210303,0.00,277.00,2.41
20210304,0.00,247.00,2.32
20210305,0.00,222.00,2.24
20210306,0.00,202.00,2.18
20210307,0.00,186.00,2.12
20210308,0.00,173.00,2.08
20210309,0.00,164.00,2.04
20210310,0.00,157.00,2.02
20210311,0.00,151.00,2.00
20210312,0.03,146.00,1.98
20210313,0.01,144.00,1.97
20210314,0.00,138.00,1.94
20210315,0.09,133.00,1.93
20210316,0.13,136.00,1.94
20210317,0.35,130.00,1.91
20210318,0.97,232.00,2.26
20210319,0.23,354.00,2.62
20210320,0.00,257.00,2.35
20210321,0.00,211.00,2.21
20210322,0.00,189.00,2.13
20210323,0.00,174.00,2.08
20210324,0.04,173.00,2.07
20210325,1.51,309.00,2.42
20210326,0.04,1090.00,4.20
20210327,0.76,596.00,3.23
20210328,0.68,871.00,3.82
20210329,0.00,685.00,3.43
20210330,0.00,479.00,2.93
20210331,0.50,489.00,2.96
20210401,0.00,425.00,2.80
20210402,0.00,349.00,2.61
20210403,0.00,303.00,2.48
20210404,0.00,269.00,2.38
20210405,0.00,243.00,2.31
20210406,0.00,223.00,2.24
20210407,0.00,205.00,2.18
20210408,0.00,192.00,2.14
20210409,0.00,184.00,2.12
20210410,1.89,851.00,3.16
20210411,0.00,1560.00,4.89
20210412,0.00,606.00,3.25
20210413,0.00,435.00,2.82
20210414,0.04,352.00,2.61
20210415,0.05,311.00,2.51
20210416,0.00,266.00,2.38
20210417,0.00,240.00,2.30
20210418,0.00,218.00,2.23
20210419,0.09,210.00,2.20
20210420,0.00,192.00,2.14
20210421,0.00,182.00,2.11
20210422,0.00,169.00,2.06
20210423,0.00,161.00,2.03
20210424,0.43,201.00,2.16
20210425,0.15,213.00,2.21
20210426,0.00,168.00,2.06
20210427,0.00,156.00,2.01
20210428,0.00,150.00,1.99
20210429,0.23,146.00,1.98
20210430,0.11,160.00,2.03
20210501,0.00,137.00,1.94
20210502,0.00,133.00,1.93
20210503,0.12,137.00,1.94
20210504,0.30,144.00,1.97
20210505,0.14,141.00,1.96
20210506,0.00,131.00,1.92
20210507,0.12,129.00,1.91
20210508,0.00,122.00,1.88
20210509,0.55,120.00,1.87
20210510,0.04,161.00,2.03
20210511,0.00,129.00,1.91
20210512,0.30,141.00,1.95
20210513,0.00,131.00,1.92
20210514,0.00,121.00,1.87
20210515,0.00,116.00,1.85
20210516,0.00,112.00,1.83
20210517,0.02,110.00,1.82
20210518,0.00,108.00,1.81
20210519,0.00,103.00,1.79
20210520,0.00,99.30,1.76
20210521,0.00,95.10,1.74
20210522,0.00,92.20,1.73
20210523,0.00,89.80,1.71
20210524,0.00,86.60,1.70
20210525,0.28,92.40,1.73
20210526,0.07,99.90,1.77
20210527,0.08,86.80,1.70
20210528,0.33,154.00,2.00
20210529,0.10,110.00,1.82
20210530,0.00,95.70,1.75
20210531,0.00,89.10,1.71
20210601,0.00,84.30,1.68
20210602,0.00,81.60,1.67
20210603,0.03,81.90,1.67
20210604,0.04,79.20,1.66
20210605,0.07,74.80,1.63
20210606,0.01,73.90,1.63
20210607,0.05,81.20,1.67
20210608,0.58,85.40,1.69
20210609,0.23,113.00,1.80
20210610,0.13,173.00,2.07
20210611,0.57,171.00,2.06
20210612,0.81,256.00,2.33
20210613,0.00,233.00,2.27
20210614,0.00,396.00,2.71
20210615,0.00,185.00,2.12
20210616,0.00,139.00,1.95
20210617,0.00,120.00,1.87
20210618,0.00,107.00,1.80
20210619,0.00,99.40,1.76
20210620,0.00,94.60,1.74
20210621,0.08,105.00,1.78
20210622,0.46,140.00,1.94
20210623,0.00,104.00,1.79
20210624,0.00,89.60,1.71
20210625,0.00,84.20,1.68
20210626,0.00,79.40,1.66
20210627,0.00,77.90,1.65
20210628,0.00,82.90,1.68
20210629,0.00,75.30,1.63
20210630,0.00,84.00,1.68
20210701,1.23,118.00,1.81
20210702,0.87,603.00,3.20
20210703,0.00,207.00,2.19
20210704,0.00,139.00,1.95
20210705,0.00,115.00,1.84
20210706,0.00,101.00,1.77
20210707,0.00,92.60,1.73
20210708,0.37,111.00,1.82
20210709,0.00,104.00,1.79
20210710,0.01,95.90,1.74
20210711,0.01,120.00,1.85
20210712,0.00,125.00,1.89
20210713,0.01,107.00,1.80
20210714,0.00,91.20,1.72
20210715,0.00,83.90,1.68
20210716,0.00,78.00,1.65
20210717,0.05,75.60,1.64
20210718,0.10,105.00,1.76
20210719,0.47,135.00,1.93
20210720,0.00,97.40,1.75
20210721,0.00,82.80,1.68
20210722,0.00,74.50,1.63
20210723,0.00,69.20,1.60
20210724,0.00,66.70,1.58
20210725,0.00,64.40,1.57
20210726,0.00,64.60,1.57
20210727,0.00,64.30,1.57
20210728,0.00,60.50,1.55
20210729,0.00,56.00,1.52
20210730,0.00,53.10,1.50
20210731,0.00,50.90,1.49
20210801,0.44,56.30,1.52
20210802,0.00,54.10,1.51
20210803,0.00,50.70,1.49
20210804,0.00,51.40,1.49
20210805,0.00,48.00,1.47
20210806,0.00,44.90,1.45
20210807,0.00,43.60,1.44
20210808,0.00,44.10,1.44
20210809,0.00,41.90,1.43
20210810,0.26,42.00,1.43
20210811,0.00,53.80,1.51
20210812,0.00,51.70,1.49
20210813,0.00,66.70,1.58
20210814,0.00,66.50,1.58
20210815,0.05,54.40,1.51
20210816,0.37,123.00,1.81
20210817,2.50,1100.00,3.89
20210818,0.00,1290.00,4.22
20210819,0.00,299.00,2.49
20210820,0.48,284.00,2.45
20210821,0.00,209.00,2.23
20210822,0.00,174.00,2.11
20210823,0.00,131.00,1.94
20210824,0.71,103.00,1.82
20210825,0.01,99.70,1.80
20210826,0.00,92.40,1.76
20210827,0.01,94.80,1.77
20210828,0.01,88.00,1.73
20210829,0.00,76.00,1.67
20210830,0.00,74.00,1.66
20210831,0.44,83.40,1.71
20210901,0.74,361.00,2.64
20210902,0.00,183.00,2.14
20210903,0.00,131.00,1.95
20210904,0.00,115.00,1.87
20210905,0.00,104.00,1.82
20210906,0.09,100.00,1.80
20210907,0.00,91.70,1.75
20210908,0.00,87.30,1.73
20210909,0.02,84.40,1.71
20210910,0.00,79.20,1.69
20210911,0.00,74.80,1.66
20210912,0.00,73.50,1.65
20210913,0.00,71.50,1.64
20210914,0.00,69.20,1.63
20210915,0.00,67.40,1.62
20210916,0.00,65.80,1.61
20210917,0.00,64.90,1.60
20210918,0.00,66.60,1.61
20210919,0.00,66.90,1.62
20210920,0.17,61.20,1.58
20210921,0.43,120.00,1.86
20210922,0.13,133.00,1.95
20210923,0.00,118.00,1.88
20210924,0.00,83.30,1.71
20210925,0.00,75.60,1.67
20210926,0.00,71.50,1.64
20210927,0.00,67.40,1.62
20210928,0.00,65.60,1.61
20210929,0.00,62.40,1.59
20210930,0.00,60.20,1.58
20211001,0.00,57.70,1.56
20211002,0.00,57.50,1.56
20211003,0.14,60.80,1.58
20211004,0.51,76.70,1.67
20211005,0.02,91.70,1.75
20211006,1.02,118.00,1.87
20211007,0.95,757.00,3.59
20211008,0.11,450.00,2.89
20211009,0.31,313.00,2.54
20211010,0.01,237.00,2.32
20211011,0.00,183.00,2.14
20211012,0.00,153.00,2.03
20211013,0.00,134.00,1.96
20211014,0.00,121.00,1.90
20211015,0.00,112.00,1.86
20211016,0.05,105.00,1.82
20211017,0.00,96.90,1.78
20211018,0.00,90.50,1.75
20211019,0.00,86.00,1.72
20211020,0.00,81.30,1.70
20211021,0.15,78.00,1.68
20211022,0.00,80.80,1.70
20211023,0.00,74.70,1.66
20211024,0.00,71.60,1.64
20211025,0.18,70.90,1.64
20211026,0.03,74.10,1.66
20211027,0.00,69.20,1.63
20211028,0.78,72.50,1.65
20211029,0.76,499.00,2.99
20211030,0.12,238.00,2.32
20211031,0.02,180.00,2.13
20211101,0.00,149.00,2.02
20211102,0.00,132.00,1.95
20211103,0.00,121.00,1.90
20211104,0.01,113.00,1.86
20211105,0.00,107.00,1.83
20211106,0.00,99.80,1.80
20211107,0.00,95.00,1.77
20211108,0.00,91.50,1.75
20211109,0.00,88.00,1.73
20211110,0.00,86.10,1.72
20211111,0.77,85.70,1.72
20211112,0.05,301.00,2.48
20211113,0.01,152.00,2.03
20211114,0.00,127.00,1.93
20211115,0.00,116.00,1.88
20211116,0.00,109.00,1.84
20211117,0.00,105.00,1.82
20211118,0.04,101.00,1.80
20211119,0.00,95.20,1.77
20211120,0.00,89.90,1.74
20211121,0.01,87.50,1.73
20211122,0.17,93.70,1.76
20211123,0.00,85.10,1.72
20211124,0.00,80.40,1.69
20211125,0.02,79.30,1.69
20211126,0.05,79.70,1.69
20211127,0.00,75.40,1.67
20211128,0.00,73.90,1.66
20211129,0.00,72.10,1.65
20211130,0.00,70.50,1.64
20211201,0.00,69.70,1.63
20211202,0.00,69.20,1.63
20211203,0.00,67.80,1.62
20211204,0.00,67.40,1.62
20211205,0.00,66.00,1.61
20211206,0.03,65.20,1.61
20211207,0.00,64.20,1.60
20211208,0.00,62.20,1.59
20211209,0.00,61.00,1.58
20211210,0.02,61.90,1.59
20211211,0.39,69.80,1.63
20211212,0.00,81.30,1.70
20211213,0.00,65.60,1.61
20211214,0.00,62.20,1.59
20211215,0.00,61.10,1.58
20211216,0.00,60.80,1.58
20211217,0.00,61.00,1.58
20211218,0.17,64.20,1.60
20211219,0.13,72.00,1.65
20211220,0.00,63.60,1.60
20211221,0.00,60.40,1.58
20211222,0.00,58.70,1.57
20211223,0.00,57.00,1.56
20211224,0.00,55.80,1.55
20211225,0.00,55.50,1.55
20211226,0.04,56.80,1.56
20211227,0.00,55.60,1.55
20211228,0.00,55.50,1.55
20211229,0.06,55.50,1.55
20211230,0.06,60.10,1.58
20211231,0.01,56.00,1.55
20220101,,55.00,1.55
20220102,,141.00,1.95
20220103,,302.00,2.41
20220104,,198.00,2.16
20220105,,157.00,2.03
20220106,,148.00,1.99
20220107,0.00,142.00,1.97
20220108,0.01,124.00,1.90
20220109,0.43,141.00,1.95
20220110,0.00,228.00,2.25
20220111,0.00,172.00,2.08
20220112,0.00,146.00,1.99
20220113,0.00,133.00,1.94
20220114,0.00,122.00,1.89
20220115,0.00,111.00,1.84
20220116,,,1.90
20220117,,110.00,1.94
20220118,,106.00,1.87
20220119,,107.00,1.95
20220120,,122.00,1.89
20220121,,113.00,1.85
20220122,,103.00,1.81
20220123,,101.00,1.80
20220124,,97.50,1.78
20220125,,97.90,1.78
20220126,,104.00,1.81
20220127,,97.40,1.78
20220128,,97.60,1.78
20220129,,95.10,1.75
20220130,,96.90,1.78
20220131,0.00,94.80,1.84
20220201,0.00,88.20,1.73
20220202,0.03,89.50,1.74
20220203,0.57,467.00,2.69
20220204,0.30,1400.00,4.46
20220205,0.00,633.00,3.12
20220206,0.00,362.00,2.59
20220207,0.00,269.00,2.37
20220208,0.00,221.00,2.23
20220209,0.00,188.00,2.13
20220210,0.00,168.00,2.07
20220211,0.00,153.00,2.01
20220212,0.00,142.00,1.97
20220213,0.00,134.00,1.94
20220214,0.00,123.00,1.89
20220215,0.00,114.00,1.86
20220216,0.00,111.00,1.84
20220217,0.68,114.00,1.86
20220218,0.14,548.00,2.94
20220219,0.00,252.00,2.32
20220220,0.00,204.00,2.18
20220221,0.00,181.00,2.11
20220222,0.34,184.00,2.12
20220223,0.65,415.00,2.68
20220224,0.83,793.00,3.40
20220225,0.21,751.00,3.35
20220226,0.14,466.00,2.80
20220227,0.28,405.00,2.68
20220228,0.00,341.00,2.54
20220301,0.00,287.00,2.41
20220302,0.00,248.00,2.31
20220303,0.00,217.00,2.22
20220304,0.00,194.00,2.15
20220305,0.00,177.00,2.10
20220306,0.00,166.00,2.06
20220307,0.43,175.00,2.08
20220308,0.11,189.00,2.13
20220309,0.44,350.00,2.55
20220310,0.00,300.00,2.45
20220311,0.00,251.00,2.32
20220312,0.10,247.00,2.31
20220313,0.01,206.00,2.19
20220314,0.00,190.00,2.14
20220315,0.00,178.00,2.10
20220316,0.09,177.00,2.10
20220317,0.00,176.00,2.09
20220318,0.00,161.00,2.04
20220319,0.00,154.00,2.02
20220320,0.00,143.00,1.97
20220321,0.00,135.00,1.94
20220322,0.00,131.00,1.93
20220323,0.16,278.00,2.29
20220324,0.00,473.00,2.80
20220325,0.00,244.00,2.30
20220326,0.00,205.00,2.19
20220327,0.00,178.00,2.10
20220328,0.00,161.00,2.04
20220329,0.00,150.00,2.00
20220330,0.00,144.00,1.98
20220331,0.45,382.00,2.58
20220401,0.01,271.00,2.37
20220402,0.00,212.00,2.21
20220403,0.00,190.00,2.14
20220404,0.00,173.00,2.08
20220405,0.18,182.00,2.11
20220406,0.30,222.00,2.23
20220407,0.11,253.00,2.32
20220408,0.11,219.00,2.23
20220409,0.04,209.00,2.20
20220410,0.06,192.00,2.14
20220411,0.00,173.00,2.08
20220412,0.02,166.00,2.06
20220413,0.00,159.00,2.03
20220414,0.00,153.00,2.01
20220415,0.00,141.00,1.96
20220416,0.13,141.00,1.96
20220417,0.00,133.00,1.93
20220418,0.22,206.00,2.17
20220419,0.01,174.00,2.08
20220420,0.00,148.00,1.99
20220421,0.00,143.00,1.97
20220422,0.00,142.00,1.97
20220423,0.00,137.00,1.95
20220424,0.00,131.00,1.93
20220425,0.00,126.00,1.91
20220426,0.13,127.00,1.92
20220427,0.00,119.00,1.88
20220428,0.00,112.00,1.85
20220429,0.00,109.00,1.84
20220430,0.00,106.00,1.83
20220501,0.19,108.00,1.84
20220502,0.01,105.00,1.83
20220503,0.44,106.00,1.83
20220504,0.27,126.00,1.92
20220505,0.00,99.80,1.81
20220506,0.87,112.00,1.86
20220507,0.14,169.00,2.08
20220508,0.05,141.00,1.98
20220509,0.00,124.00,1.92
20220510,0.00,110.00,1.86
20220511,0.00,101.00,1.82
20220512,0.01,96.10,1.80
20220513,0.02,103.00,1.83
20220514,0.00,111.00,1.87
20220515,0.01,105.00,1.84
20220516,0.00,99.50,1.82
20220517,0.00,89.20,1.77
20220518,0.00,82.30,1.74
20220519,0.03,80.70,1.73
20220520,0.00,78.00,1.72
20220521,0.24,76.60,1.71
20220522,,83.70,1.74
20220523,,527.00,2.78
20220524,,803.00,3.44
20220525,,286.00,2.44
20220526,,415.00,2.69
20220527,,1890.00,5.20
20220528,,730.00,3.35
20220529,,429.00,2.77
20220530,,299.00,2.49
20220531,,236.00,2.32
20220601,,199.00,2.21
20220602,0.00,174.00,2.13
20220603,0.00,159.00,2.08
20220604,0.00,142.00,2.02
20220605,0.00,130.00,1.97
20220606,0.00,120.00,1.93
20220607,0.01,114.00,1.91
20220608,0.33,123.00,1.94
20220609,0.01,120.00,1.94
20220610,0.00,100.00,1.85
20220611,0.00,94.00,1.82
20220612,0.00,90.40,1.80
20220613,0.00,85.50,1.78
20220614,0.57,108.00,1.88
20220615,0.00,89.40,1.80
20220616,0.00,82.20,1.77
20220617,0.26,78.90,1.75
20220618,0.00,77.40,1.74
20220619,0.00,67.80,1.69
20220620,0.00,63.70,1.66
20220621,0.00,60.90,1.65
20220622,0.00,57.90,1.63
20220623,0.00,56.10,1.61
20220624,0.00,54.00,1.60
20220625,0.01,54.90,1.61
20220626,,55.50,1.61
20220627,0.00,56.20,1.61
20220628,,50.60,1.58
20220629,0.00,47.70,1.56
20220630,0.00,47.30,1.55
20220701,0.00,45.00,1.54
20220702,0.00,44.60,1.53
20220703,0.04,50.30,1.57
20220704,0.00,52.40,1.59
20220705,0.30,45.50,1.54
20220706,0.12,49.30,1.57
20220707,0.00,49.30,1.57
20220708,0.20,43.30,1.52
20220709,0.01,47.90,1.56
20220710,1.06,117.00,1.91
20220711,0.00,67.10,1.68
20220712,0.00,50.50,1.58
20220713,0.13,44.20,1.53
20220714,0.00,45.00,1.54
20220715,0.00,39.30,1.49
20220716,0.00,36.80,1.47
20220717,0.20,37.60,1.48
20220718,0.59,58.50,1.59
20220719,0.01,113.00,1.88
20220720,0.21,51.40,1.58
20220721,0.05,45.60,1.54
20220722,0.01,39.60,1.49
20220723,0.00,35.50,1.46
20220724,0.02,40.00,1.50
20220725,0.80,57.00,1.60
20220726,0.16,60.40,1.64
20220727,,48.10,1.56
20220728,0.01,38.70,1.49
20220729,,42.50,1.51
20220730,0.00,44.00,1.53
20220731,0.38,60.30,1.64
20220801,0.03,57.80,1.62
20220802,0.00,45.30,1.54
20220803,1.16,39.40,1.49
20220804,0.00,35.50,1.46
20220805,0.11,47.60,1.53
20220806,0.32,94.80,1.81
20220807,0.02,72.70,1.71
20220808,0.00,54.00,1.59
20220809,0.14,67.70,1.68
20220810,0.04,69.50,1.69
20220811,0.12,64.60,1.67
20220812,0.00,50.90,1.58
20220813,0.00,41.20,1.51
20220814,0.02,37.70,1.48
20220815,0.49,68.90,1.68
20220816,0.07,55.20,1.61
20220817,0.00,61.70,1.65
20220818,0.01,67.10,1.68
20220819,0.00,84.70,1.76
20220820,0.11,60.00,1.64
20220821,0.46,59.90,1.63
20220822,0.04,73.60,1.72
20220823,0.00,51.30,1.58
20220824,0.00,43.50,1.52
20220825,0.12,49.50,1.56
20220826,0.00,47.70,1.56
20220827,0.00,55.30,1.60
20220828,0.00,40.40,1.50
20220829,0.00,36.30,1.47
20220830,0.37,36.90,1.47
20220831,0.00,41.40,1.51